"id","question_name","category","status"
"","ఈ క్రింది వానిని పరిమాణంలో బతికిఉన్న 'ఏప్' లలో చిన్నవి","1","1"
"","జీరాఫీ అనేది ఒక బరువైన పోలికలు కలిగిన శరీర చర్మం, పొడవైన వెనుకటి కాళ్ళు, పొడవైన మెడ కలిగిన, ఏది జిరాఫీకి మరియు జీబ్రాలకు నాంది. ఉధ్బవించిన అరుదైన సంకరజీవి. ఈ జీవులు సాధారణంగా ఈ క్రింది ప్రాంతాలలో కనుగొన్నారు.","1","1"
"","ఫోరెన్సిక్ పరిశోధన ప్రక్రియలో నిర్జిత రక్తపు బొట్ల నుండి గాని స్లెయినింగ్ ఆధారంగా ఏర్పడిన స్పటికాల నిర్మాణాలను ఈ క్రింది విధంగా పేర్కొనవచ్చును","1","1"
"","విటమిన్ బి12 ఈ క్రింది పదార్థాలలో సమృద్ధిగా లభ్యమవుతుంది","1","1"
"","స్పైడర్ వలయాల'ను ఏర్పరచే సిల్కు పోగులను స్రవించే అవయవాలను ఈ క్రింది భాగంలో వుంటాయి","1","1"
"","కోయిలాడియో' జాతీయ పార్కు ఇచ్చట కలదు","1","1"
"","ల్లోమా' LLAMA అనే జంతువు, ఒంటె జంతువు నుండి ఈ క్రింది లక్షణాలలో విభేదించును
1. మెడపైన 'కొవ్వు' నిర్మాణాలు లేకపోవటం
2. మెడపై రెండు సంచులలో క్రొవ్వు నిర్మాణపు ఎత్తులు ఉండడం 
3. నూలు వంటి పోగులు, వెంట్రుకలు కలిగి ఉండటం
4. ఈ జంతువులు ఉత్తర అమెరికాలో ఎత్తైన ప్రదేశాలకు మాత్రమె పరిమితం","1","1"
"","ఒక కొమ్ము కలిగిన రైనోసార్ లు అత్యధికంగా వున్నా రెండు జాతీయ పార్కులను పేర్కొనండి?","1","1"
"","ఉడికించని ఆలుగడ్డ మానవులకు సరిగా జీర్ణంకాదు. దీనికి కారణం ప్రతి ఆలుగడ్డ నిర్మాణములో ఈ క్రింది నిర్మాణాలు త్వచ నిర్మాణాలుగా వుంటాయి","1","1"
"","ఖనిజ మూలక దాతువులో వచ్చే వృక్షపు వ్యాధిని ఈ క్రింది వానిలో గుర్తించండి?","1","1"
"","క్రింది క్షీరదములో వాని నడక ప్రక్రియలో ఒక వైపు వున్నా ముందటి మరియు వెనుకటి కాలి మడతలను ఒకేసారిగా కదిలించి గమనం చేయగలదా","1","1"
"","సముచిత జనాభా సమూహములో ఒక ప్రత్యేకమైన జీవజాతి ఒకవేళ గత 10సం.ల నుండి రమారమీ 80% సంఖ్యలో తరుగుదల కనిపిస్తుంటే, ప్రతి చదరపు కిలోమీటరు పరిధిలో 50 కంటే తక్కువ సంఖ్య గల వ్యక్తిగత జనాభా మిగిలిపోతుంటే ఈ క్రింది విధంగా వర్ణించవచ్చును","1","1"
"","మనకు ప్రాణాధారమైన ఆక్సిజన్ వాయువు కిరణజన్య సంయోగక్రియలో అంత్య పదార్థము ఈ క్రింది వాని నుండి ఆక్సిజన్ వాయువు ఉత్పన్నం గావించబడుతుంది.","1","1"
"","వాలాబైయాస్'(Wallabies) అనునవి","1","1"
"","ఈ క్రింది రక్తపు కణజాలం 2,8,4 లేక 8 కణాల గ్రూపులను కలిగి ఉంటాయి","1","1"
"","భారతదేశంలో ఈ క్రింది రాష్ట్రంమొదటిసారిగా టోటల్ ఫర్టిలిటీ  రేట్(TFR) సంపూర్ణ పునరుత్పత్తి రేటు/సంపూర్ణ ఫలదీకరణ రేటును కనిష్ట స్థాయిలో తీసుకురావటంలో సఫలీకృతం అయింది","1","1"
"","అంతర్జాతీయ మార్కెట్ లో వాణిజ్యపరంగా విజయం సాధించిన'బాసుమతిరైస్' నాణ్యతను, వాని డిమాండ్ ను అధిగమించగలిగే 'జోహా' అనే ప్రత్యేక అంశాలు గల రైస్, సాగుదల చేసే ప్రాంతములను గుర్తించండి","1","1"
"","ప్రపంచ స్థాయిలో అత్యదిక బరువు తూగిన 5పౌండ్ల మరియు 7 ఔన్స్ లు కలిగిన మామిడిని మార్చి 2006 ఈ క్రింది ప్రాంతంలో కనుగొన్నారు","1","1"
"","బేకరీలో 'అగర్' అనే సంశ్లేషిత పదార్ధం ముఖ్యంగా ఈ క్రింది వాని నుండి లభ్యమవుతుంది","1","1"
"","ఈ క్రింది మానవ వ్యాదులలో ఉత్పరివర్తనం జన్యువు కారణంగా సంక్రమించేది","1","1"
"","ప్రాణాంతక చికెన్ గున్యా వ్యాధికి కారణమైన వైరస్ కు ప్రాధమిక వాహకంగా ఈ క్రింది వానిలో ఏది?","1","1"
"","కోలాస్'అనునవి","1","1"
"","ఎల్లో ప్రోటీన్ లు అనగా","1","1"
"","ఈ క్రింది కణాలు కోణాల అమరికలు మరియు సెమినీఫెర్రస్ ట్యాబులస్ నిర్మాణాలను మధ్య ఉంటాయి
1. సెర్టోల్ కణాలు
2. సస్తాన్ట్ కణాలు
3. అంతర శీతల కణాలు
4. లైడింగ్ కణాలు","1","1"
"","క్రింద పేర్కొన్న ఏవి గోడోనోట్రోపిన్ లుగావు?
1. మెలనోఫో హార్మోన్
2. ఫోలిసిల్ స్టిములేటివ్ హార్మోన్
3. టెరాన్ స్టిములేటివ్ ప్రొపినెట్
4. ప్రొజెస్టిరాన్","1","1"
"","మనిషి వెంట్రుకల నిర్మాణంలో ఎదుగుదలకు మరియు సజీవముగా ఉండడానికి కారణమైన భాగాన్ని పేర్కొనండి","1","1"
"","రక్తం తయారీ అనునది పరిపూర్ణంగా ఎదిగిన మనిషిలో ఈ క్రింది భాగంలో తయారగును","1","1"
"","ఈ క్రింది వానిలో ఏది నైట్రోజన్ సంబంధించి విసర్జక పదార్ధం కానిదిగా వ్యవహరించుతారు?","1","1"
"","అంకురం లభ్యం కానప్పటి కాలంలో లేదా నిరంతరాయంగా ఆహారం తీసుకొనలేని పరిస్థితులలో గ్లూకోజ్ లేదా గ్లైకోజెన్ నిర్మాణానికి లేదా సశ్లేషణం చేయుటకు కార్బోహైడ్రేట్ కానట్టి నుండి సేకరించే విధంగా ఈ క్రింది విధంగా పేర్కొంటుంది","1","1"
"","ఈ క్రింది రక్త పిపాసి జీవుల రేటు వలన కేవలం ఒక్క రాత్రిలోనే రక్తమును కోల్పోయి ప్రాణాపాయస్థితికి తీసుకురాగలిగే ఈ క్రింది జీవులు సాధారణంగా సాదుజంతువులైన ఆవు, పందులు, కుక్కలా నుండి గ్రహించుతాయి","1","1"
"","క్రింద పేర్కొన్న వృక్ష భాగములలో టర్మరిక్ రంగును కలిగించేది గాను మరియు యాంటిసెప్టిక్ గా ఉపయోగపడుతుంది","1","1"
"","హంప్ బ్యాక్ అనేది ఒక విభేదన నిర్మాణము, ఈ నిర్మాణము లోతు అనేది ఈ క్రింది వాని బాహ్యతుల్య నిర్మాణములో విబేధాల్లో వక్రం పెరుగుదలనుచూపుతుంది","1","1"
"","సంపూర్ణ ఫలదీకరణ రేటు సంపూర్ణ పునరుత్పత్తి రేటు అనగా","1","1"
"","అలల వంటి(పెరిస్టాలిక్) చలనములు ప్రదర్శించే లక్షణములను కలిగినవి","1","1"
"","సకశేరుకాల కండర సంకోచమును ఈ మధ్యస్థ వారిదిగా తోడ్పడే పాస్పెజన్ ను ఈ క్రింది జీవమరుక్షాలు ద్వారా గ్రహించుకొనును","1","1"
"","ఈ క్రింది మొసళ్ళ జాతులలో వాని మందపు కొలతలకు కనీసం మూడు రెట్లు పొడవును చంపుతుంది","1","1"
"","ఈ క్రింది జీవులలో మొండానికి త్వచసంబంధమైన రెక్క లేదా పెటాబీయిం నిర్మాణమును ఆధారంగా చేసుకొని 5-7 జాతుల లక్షణాలను చూపుతుంది","1","1"
"","ఆవుపాలు, వాని రంగు లేత పసుపు పచ్చ రంగులో ఉండటానికి కారణం","1","1"
"","ఆవుదూడలలో అవి త్రాగే అధిక మోతాదులో పాలను జీర్ణం చేయుటకు తోడ్పడేవి ఈ క్రింది వానిలో గుర్తించుము","1","1"
"","ప్యూబిక్ సింపాయిసిస్ అనేది ఒక ఉదాహరణముగా పేర్కొనవచ్చును","1","1"
"","రహేజ్ అనేది ఆవశ్యక ప్రాధాన్యత కలిగిన తిండి పదార్ధములలో ఒక భాగము, కాని ఇది జీర్ణము కాని పదార్థములు కలిగి ఉంటుంది ఇవి రాసాయినికాలుగా","1","1"
"","చెద పురుగులలో చెక్కల నిర్మాణములో సెల్యులోజ్ జీర్ణక్రియలో తోడ్పడే జీవులు ","1","1"
"","ప్రపంచపర్యావరణదినం' ప్రతి సంవత్సరము ఏ రోజు జరుపుకుంటాము","1","1"
"","భారతదేశంలో కొన్ని రాష్ట్రాలు 'కేసరిపప్పు' వినియోగించటాన్ని పూర్తిగా నిషేధించాయి. దీనికి కారణము ప్రధానంగా క్రమక్రమంగా ఈ క్రింది లక్షణాలను కోల్పోవటం వలన","1","1"
"","ఈ క్రింది వానిలో వేనిని సూక్ష్మ మూలకములుగా వర్ణించవచ్చు?","1","1"
"","ఈ క్రింద తెలిపిన తరంగదైర్ఘ్యం కలిగిన కిరణాలు కిరణజన్య సంయోగ క్రియలోనూ ప్రభావితం చేస్తాయి","1","1"
"","క్లోరోఫిల్' వర్ణ ద్రావితపు రసం సాధారణ కాంతిలో ఎరుపు రంగుగా అగుపించుటకు కారణం","1","1"
"","వృక్షాలలో కర్బనములకు సంబంధించిన కర్బన సందర్భ పదార్థాలు ఈ క్రింది వాని నుండి గ్రహించుతాయి","1","1"
"","అత్యాధునిక కార్పోరేట్ కంపెనీలలో పనిచేసే కార్పొరేట్ ఎగ్జిక్యూటివ్ లు వారు తమ ప్రయాణాలలో కూడా సూర్య రశ్మి నుండి కాపాడుకుంటూ ఎయిర్ కన్దీశాన్ లో కార్లలో మరియు గ్లాసుతో కప్పబడిన గదులలో రోజంతా గడుపుతున్నట్లైతే వారికి ఈ క్రింది జీవ పదార్థాల లోపం వలన రుగ్మతలకు లోనయ్యే అవకాశం కలదు.","1","1"
"","కిరణజన్య సంయోగ ప్రక్రియలో ఒక దృగిత ఆవిష్కరణకు గానూ నోబెల్ బహుమతిని అందుకున్న వారు ఎవరు?","1","1"
"","ఆకుపచ్చని మొక్కలు సాధారంగా పగటి పూటలో ఆక్సీజన్ వాయువును కార్బన్-డై-ఆక్సైడ్ వాయువు కంటే ఎక్కువగా విడుదల చేస్తుంది. దీనిని ఈ క్రింది విధంగా వివరించవచ్చును ","1","1"
"","నీటి మొక్కలు లేని ఆక్వేరియంలో చేపలు పెంచుతున్నట్లైతే అవి తరచుగా నీటి ఉపరితలం పైకి ఏటవాలుగా రావటాన్ని గమనించినట్లైతే ఈ పరిస్థితికి కారణం ఈ అంశములు అయ్యి ఉండవచ్చు","1","1"
"","ఈ రకమైన జీవులు తమ జీవ క్రియలలో ఒక ప్రత్యేక పద్ధతి ద్వారా తమ జీవ కణాలలోనికి ప్రత్యక్షంగా ఆక్సీజన్ తీసుకొనగలుగుతాయి","1","1"
"","జీర్ణవ్యవస్థ నాళాలు మరియు శ్వాసక్రియ వ్యవస్థ నాళాలను ఈ క్రింది భాగము ద్వారా ప్రయాణం చేస్తూ వుండును/కలుపుతూవుంటాయి?","1","1"
"","గాలిలో ఆక్సీజన్ సరాసరి శాతం ","1","1"
"","ఊపిరితిత్తులకు ఎలాంటి హాని జరగకుండా కేవలం (తోరాసిక్ త్వచం) అదఃకుహర త్వచమునకు ఏదైనా త్వచం పగిలిపోతే ఈ క్రింది పర్యావసనాలు జరుగుతాయి","1","1"
"","కండరాల అలసట' రావటానికి ఈ క్రింది జీవ పదార్ధం అధికమవుతుండడం","1","1"
"","గోధుమ పిండిగాని, బియ్యపు పిండిని గాని కొద్ది మొత్తంలో నీటిని కలిపి వాటిని పేస్ట్ లాగా తయారీచేసి వంట గదిలో రాత్రి మొత్తంగా ఉంచినట్లయితే వాని పరిమాణంలో, సైజులో పెరుగుతుంది. దీని ప్రాముఖ్యతను ఈ క్రింది విధంగా వివరించవచ్చు","1","1"
"","రాత్రి వేళలో వృక్షాల క్రింద నిదురించరాదని సలహా ఇస్తారు ఎందుకనగా","1","1"
"","కార్దియాక్ అరెస్ట్ హృదయ స్పందన ఆగిపోవటంలో ఈ క్రింది ప్రక్రియను ప్రాథమిక చికిత్సగా గుర్తించవచ్చు?","1","1"
"","ఈ క్రింది తెల్ల రక్తకణాలు, ఏవి వ్యాధి నిరోధకతను కలుగ జేసే కారకాలను తయారుచేయుటకు సహాయపడుతుంది?","1","1"
"","మానవుని ఎర్ర రక్తకణాల జీవిత కాలం","1","1"
"","పరిపూర్ణ యుక్త వయస్సులలో హృదయ స్పందన రేటు ప్రతి సెకనుకు సుమారుగా ఈ క్రింది విధంగా వుంటుంది","1","1"
"","గాయం ద్వారా, రక్తపు గడ్డల ద్వారా హానికరమైన బ్యాక్టీరియాలు ప్రవేశం నివారించేది ఈ క్రింది వానిలో ఏది?","1","1"
"","ఆక్సిజన్ సహితరక్తం ఊపిరితిత్తులకు అందజేసే ఈ క్రింది రక్తనాళాలు అందజేస్తాయి?","1","1"
"","అత్యధిక ఎత్తు ప్రదేశాల్లో నివసించే మానవుని బుగ్గలు ఎరుపు రంగు కలిగి ఉండటానికి కారణం","1","1"
"","వృక్షాలలో వేరు వ్యవస్థ యొక్క మూలకేశాలకు ప్రాథమికంగా చేయు అనర్థాలు ఏవి?","1","1"
"","వృక్షాలలో నీరు మరియు ఖనిజలవణాలు ఒక భాగం నుండి మరొక భాగమునకు రూపాంతరం చెందుతుంది","1","1"
"","వృక్షాలలో సేంద్రీయ పదార్థాల రవాణా ఈ భాగాలకు కణజాలం చేస్తుంది?","1","1"
"","ఆకృత బీజాలలో నీరు మరియు ఖనిజలవణాలు రవాణా నాళాల ద్వారా జరుగుతుంది. ఈ వృక్ష నాళం యొక్క గరిష్ట పొడవు ఎంత?","1","1"
"","ఒక పరిపూర్ణ మానవుడు 24 గంటలలో యూరిన్ పరిమాణం ఇంతవరకు ఉండవచ్చు","1","1"
"","కృత్రిమ మూత్రపిండం ఈ క్రింది సూత్రం ద్వారా పనిచేయగలదు","1","1"
"","తక్కువ స్థాయిలో విషతుల్యమైన నైట్రోజన్ సంబంధిత వ్యర్థపదార్దాలను గుర్తించడం","1","1"
"","నేల బల్లులు మరియు పక్షుల విసర్జక పదార్థాలలో తెలుపు వర్ణంతో రసాయనికంగా","1","1"
"","ఆకలి, దప్పిక, శరీర ఉష్ణోగ్రతలు మరియు నీటి సమతుల్యతను క్రమబద్దీకరణం చేసే శరీర భాగమును గుర్తించేది","1","1"
"","హృదయ స్పందన ధారణ మరియు రేటు, ఆహార వాహిక వ్యవస్థలోని గ్రంథుల స్రవైంచటం, అనియంత్రిత కండర వ్యవస్థ సంకోచం- వాటి క్షమత వాటి జీవక్రియలు మెదడులోని ఈ క్రింది భాగాలను సమన్వయ పరిచేది","1","1"
"","సెరిబెల్లమ్' అనునది","1","1"
"","ఒక వ్యక్తి యొక్క నీలి రంగు కళ్ళు, బ్రౌన్ కళ్ళు లేక నల్ల కళ్ళు  అనేవి ప్రత్యేక వర్ణకము పదార్థముల ద్వారా కలుగజేయును అవి ఎందులో కనిపిస్తాయి?","1","1"
"","క్లోరోక్విన్' లాంటి మందు బిళ్ళలను మ్రింగటం ద్వారా చేదు రుచి సాధారణంగా కలుగుతుంది. దానికి కారణం","1","1"
"","వినికిడి మరియు సమతుల్యతను కేంద్రీకరణం చేసేవి వరుసగా అవి ","1","1"
"","మానవుని కంటిలో దుమ్ము, ధూళి పడినట్లయితే కళ్ళు ఎరుపుకు మరియు మంటలు చూపే కంటి నిర్మాణం","1","1"
"","పాల పొదుగు నుండి చూశానం ద్వారా పాలను స్రవించటం ఈ క్రింది వాని ప్రభావం వలన జరుగుతుంది","1","1"
"","పిండ దశలో లింగనిర్దారణ ప్రక్రియ నిర్ణయించుతుంది","1","1"
"","ఆహార పోషణలో అయోడిన్ సమతుల్యత లోపించి ఈ ప్రభావం కనిపించుతుంది?","1","1"
"","దేహంలో 'ధర్మోస్రాట్' గా ఉపయోగపడే గ్రంథి పేరు","1","1"
"","వ్యాధి గ్రస్తుల, అధిక మొత్తంలో సోడియంను యూరిన్ లో కోల్పోతున్నట్లైత'","1","1"
"","క్రోమ గ్రంథి లోని 'ఐస్ లెట్స్ మరియు లాంగర్ హన్స్' కానికలు పూర్తిగా నశించిపోయిన, ఈ క్రింది జీవక్రియలలో తేడా వస్తుంది","1","1"
"","ఎసిటైల్-కో-ఎంజైమ్' అనేది ఒక మాధ్యమిక జీవ పదార్థంగా ఈ దేహ జీవన ప్రక్రియలలో ఈ విధంగా ఉత్పన్నం అవుతుంది
1.వాయి శ్వాసక్రియ పదార్థంలో గ్లూకోజ్ విచ్చితి
2. అవాయు శ్వాసక్రియ విధానంలో గ్లూకోజ్ విచ్చితి
3.క్రొవ్వు ఆమ్లాల β- ఆక్సిడేషన్ 
4. ఆంటికీటోజెనిక్ అమైనో ఆమ్లాల విచ్చితి","1","1"
"","అండోత్పత్తి స్థానం నుండి అండాలు గర్భాశయంలోకి ప్రయాణించుటకు ఈ భాగము సహాయపడుతుంది","1","1"
"","ఫలదీకరణం' అనేది సాధారణంగా ఈ క్రింది భాగంలో జరుగుతుంది","1","1"
"","ప్రైమెట్ స్త్రీ జీవులలో కాలవ్యవధిలో గర్భాశయపు మాల్యాకాన్ పొరలు నశించిపోవటం, తదుపరి (బ్లీడింగ్) రక్తప్రసరణ అనేది జరిగే విధానాలు","1","1"
"","అండోత్పత్తి అనేది ఈ క్రింది విధంగా జరుగుతుంది","1","1"
"","ఒక స్త్రీ గర్భం దాల్చే ముఖ్య సమయం","1","1"
"","అండోత్పత్తి ఎప్పుడు జరుగుతుంది","1","1"
"","పురుషులలో 'ముష్కాలు' ముష్కగోణులలో అమరి ఉండుటకు కారణం","1","1"
"","మానవునిలో సాధారణ పిండోత్పత్తి జరిగే కాల వ్యవధి","1","1"
"","మొనోజైగోటిక్ కవలలు అనగా","1","1"
"","జన్మతః లోపభూయిష్టమైన లక్షణాలను కలిగించే కారకాలు","1","1"
"","ఫలదీకరణం తరువాత, పునఃస్థాపానం సాధారణంగా ఈ క్రింది విధంగా జరుగుతుంది","1","1"
"","ఒక శిశువు పుట్టిన సమయం వెంటనే అతని రక్తం","1","1"
"","ప్రేటర్నల్ కవలలు' కలగటానికి ఈ క్రింది అవకాశములు కలవు","1","1"
"","సంతానం కలగకుండా పురుషులకు చేసే ఆపరేషన్","1","1"
"","ఎద్దు వీర్యం కృత్రిమంగా ఇందులో నిల్వ చేస్తారు","1","1"
"","జీవించి ఉన్న ప్రతి జీవరాశిలో లైంగిక పునరుత్పత్తి ద్వారా జననం కలిగితే పుట్టుక సాధించే క్రమంలో ఏక కణంతోనే ప్రాథమికంగా అభివృద్ధి చెంది సంపూర్ణ జీవిగా రూపొందుతుంది. ఈ ప్రాథమిక కణాన్ని ఈ విధంగా పిలుస్తారు","1","1"
"","స్పోర్ అనేది","1","1"
"","కొన్ని వృక్ష జాతులు తమ జీవితకాలంలో ఒకే ఒకసారిగా పుష్పిస్తాయి. అవి ఏ జాతికి చెందినవి?","1","1"
"","ఈ క్రింది మొక్కల పుష్పాలలో అతిపెద్ద పుష్పమును గుర్తించండి?","1","1"
"","కీటకాల ద్వారా పరపరాగ సంపర్కం జరుగు పద్దతిని ఈ క్రింది విధముగా పిలుస్తారు","1","1"
"","పురుష సంయోగబీజం, స్త్రీ సంయోగ బీజంతో కలయికను ఈ క్రింది విధంగా వర్ణించవచ్చు?","1","1"
"","ఒక నిజమైన ఫలం ఈ క్రింది భాగముల నుండి ఏర్పడుతుంది","1","1"
"","ఈ క్రింది పేర్కొన్న గడ్డి మొక్కల జాతులు అతిచిన్న విత్తనాలను కలిగి ఉంటాయి","1","1"
"","ఈ క్రింద పేర్కొన్న ఫలములలో ఒక నిజఫలం","1","1"
"","ఫలదీకరణం లేకుండానే ఫలం అభివృద్ధి చెందుటను ఏమి అందురు?","1","1"
"","ఒక వృక్షజాతిలో స్త్రీ పుష్పాలు, పురుష పుష్పాలు వేరువేరు మొక్కల మీద పుట్టితే, ఆ మొక్కలను ఈ క్రింది విధంగా పేర్కొనవచ్చు","1","1"
"","ఒక రకమైన ఎండుఫలం  'chilgoza' అనేది ఈ రకమైన మొక్కల నుండి ఉత్పన్నం అవుతుంది","1","1"
"","ఈ క్రింద పేర్కొన్న ఫలాలలో నిజమైన ఫలం కానిది?","1","1"
"","మొక్కల పరాగరేణువులు క్రింద పేర్కొన్న వేటి నుండి అభివృద్ధి చెందుతాయి?","1","1"
"","జూమ్ (jhum) అనేది","1","1"
"","ఒక వృక్షజాతి యొక్క వయస్సును ఈ క్రింది విధంగా నిర్ధారణ చేయవచ్చును","1","1"
"","వృక్షకాండం ద్వితీయ వృద్ధి ఈ క్రింది విధంగా వివరించవచ్చు","1","1"
"","హైడ్రోఫోనిక్స్ అనేది ఈ క్రింది విధంగా వర్ణించవచ్చు ","1","1"
"","ఈ క్రింది వృక్ష హార్మోనులు కాయలను పండ్లుగా మార్చుకొనుటకు ఉపయోగించుతారు","1","1"
"","విత్తన స్థుప్తాన వ్యవస్థను (seed dormacy) తొలగించటానికి ఈ క్రింది రసాయనాలతో విత్తనములను శుద్ధి చేస్తారు?","1","1"
"","నేషనల్ బ్యూరో ఆఫ్ ప్లాంట్ జెనెటిక్ రిసోర్సెస్' అనే సంస్థ ఈ క్రింది నగరములలో వుంది?","1","1"
"","ఈ క్రింద శాస్త్రవేత్తలలో ' ద ఫాదర్ ఆఫ్ మోడర్న్ జెనెటిక్స్' అని ఇతనిని అంటారు","1","1"
"","జన్యువు' అనునది అనువంశపార్యపర్యం - క్రమతను మానవునిలో మరియు ఇతర సూక్షజీవులలో గుర్తించవచ్చు","1","1"
"","జీవులు, ఒక ప్రత్యేక లక్షణాలను ఆధారం చేసుకొని వాటి బాహ్యస్వరూపాలను పోల్చుతూ వుంటే వాటిని ఈ క్రింది విధంగా వర్ణించవచ్చు","1","1"
"","ఒక శిశువు యొక్క లింగ నిర్ధారణను తెలియజేయునది","1","1"
"","ఒక జీవి నిజ సంకరణములో ఒక ప్రత్యేక లక్షణంశాన్ని ఉత్పత్తి చేయు సమరూప కవలలను ఈ క్రింది విధంగా పేర్కొంటారు","1","1"
"","లింగ అనువంశికలకు సంబంధించిన క్రోమోజోములు ఈ క్రింది విధంగా పేర్కొనవచ్చును","1","1"
"","కణాలు క్షయికరణ విభజనకు లోను కావడాన్ని ఏమందురు?","1","1"
"","ఒక సాధారణ మనిషిలోని క్రోమోజోమ్ ల సంఖ్య","1","1"
"","మానవునిలో లింగ నిర్ధారణ జరిపే క్రోమోజోములు x మరియు y లు అయితే ఒక సాధారణ స్త్రీలో జన్యు నిర్మాణాలను తెలపండి","1","1"
"","మానవ అండనిర్మాణములో క్రోమోజోమ్ ల సంఖ్య ఎంత వుంటుంది?","1","1"
"","ఈ క్రింది వానిలో విశ్వగ్రహిత బ్లడ్ గ్రూపు ఏది?","1","1"
"","ఈ క్రింది ఏ జీవులు పర్యావరణమునకు అనుగుణంగా లింగ-నిర్ధారణ జరిగేది?","1","1"
"","హిమోఫీలియా అనునది ఒక వ్యాధి, ఇది కలుగజేసేది?","1","1"
"","ఒక వర్ణ అందత్వ లక్షణము గల మనిషి, ఒక సాధారణ దృష్టిగాగల స్త్రీని వివాహమాదినారు. కాని వారి తల్లిదండ్రులు దృష్టి లక్షణాలు సాధారణంగా వుంటాయి. ఈ క్రింది అనుపాతంలో పిల్లలలో వర్ణ-అందత్వ లక్షణాలు వున్నాయి?","1","1"
"","సీకెల్ ఎనిమియా వ్యాధి కి కారకమైనది ఏది?","1","1"
"","ఈ క్రింది బ్లడ్ గ్రూపులలో ఏ గ్రూపును కలిగి వుంటే విశ్వదాతగా వ్యవహరించుతారు","1","1"
"","ఒక రక్తం యొక్క బ్లడ్ గ్రూపులు AB, ఈ బ్లడ్ గ్రూపునకు సాధారనముగా విశ్వజన గ్రహీతగా పేర్కొంటారు?కారణం?","1","1"
"","ఫినైక్ న్యూరియా  అనునది ఒక మానవుని వ్యాధి. ఈ వ్యక్తిలో ఈ క్రింది రుగ్మతలను ప్రదర్శించగలదు","1","1"
"","పుట్టుకతో ఒక శిశువు ఆరోగ్యవంతంగా వుంది. కాని కొన్ని సం.ల తర్వాత, అతడి ప్రవర్తన చాలా మందకొడిగా వుంది. తదుపరి క్లినికల్ డాక్టర్ వ్యాధి నిర్ధారణ చేయగా అతనికి మెంటల్లీ రిటార్డెడ్ అని తెలియజేసిన అతని బాధపడుతున్న రుగ్మత పేరు తెలపండి","1","1"
"","జన్యుశాస్త్ర అధ్యయనంలో ఈ ఫంగీ / శిలీంధ్రాలను విస్త్రుత అధ్యయనం చేయుటకు ఉపయోగింతురు","1","1"
"","పక్సినియా గ్రామినిస్' అను ఒక ఫంగీ, ఏది ఒక వృక్ష వ్యాధిని కలుగజేయును. ఈ శిలీంధ్రములు ఈ క్రింది పంటలపై ప్రభావితం చూపును","1","1"
"","లాథేరిసమ్, అనేది మానవుని సంక్రమించే ఒక వ్యాధి. క్రింది దవడల క్షయతను లక్షణాలను చూపించుతుంది. ఈ వ్యాధికి కారణం","1","1"
"","క్వినైన్ అనునది మలేరియాకి నివారణ మందు. ఇది ఒక చెట్టు నుండి లభించుతుంది. చెట్టు ఏ భాగం నుండి ఈ మందును సంగ్రహించుతారు?","1","1"
"","ఈ క్రింది సముద్రంలో లభించే పదార్థాలలో, ఏది అధికంగా లభ్యమవుతుంది. మరియు కొన్ని రకాల లోప నిర్ధారణకు వ్యాధులను కలుగజేస్తుంది","1","1"
"","ఇమ్యూనైజేషన్ ప్రక్రియలో సజీవ లేదా నిర్జీవ సూక్ష్మజీవులను లేదా వైరస్ లను ఉపయోగించుకొని వ్యాధులు రాకుండా నిర్ధారణ పద్దతులను ఉపయోగించే విధానాలను ఏ విధంగా పిలుస్తారు","1","1"
"","ఒక వ్యక్తి 'ఉతృష్ట డయేరియా' నుండి బాధపడుతుంటే, అతడు అత్యధిక మోతాదులో నీటిని వృధాగా పోగొట్టుకుంటాడు. ఈ తీవ్ర నీటిని కోల్పోవుటను ఈ క్రింది పద్దతిలో తిరిగి పొందగలడు","1","1"
"","ట్రిపుల్ వాక్సిన్ ను అప్పుడే జన్మించిన శిశువులకు వాడుతారు. ఈ క్రింద ఇవ్వబడిన రకరకాల వ్యాధులకు అసంక్రామ్యాతను కలిగిస్తుంది","1","1"
"","ఒక సంవత్సరం వయసు ఉన్న శిశువుకు తల్లిపాలు కాక తక్కువ పోషక విలువున్న ఆహారం, తక్కువ మోతాదులో ప్రోటీనులు, తక్కువ మోతాదులో కెలోరీలు కలిగి ఉన్నట్లైతే ఈ వ్యాధిని కలుగజేయును","1","1"
"","పాలిష్డ్ రైస్ ను ముఖ్య ఆహారంగా వినియోగించే దేశాలలో వారు సాధారణంగా ఈ లక్షణాలతో బాధపడుతుంటారు","1","1"
"","పశ్చిమ దేశాల వంటి ప్రాంతములలో పిల్లలు చాలా తక్కువ మోతాదులో సూర్యరశ్మి ప్రభావానికి లోను అగుతారు. సాధారణంగా వారు ఈ వ్యాధికి గురవుతారు","1","1"
"","మొక్కజొన్న గింజ ధాన్యములను ప్రధానముగా ఆహారంగా తీసుకునే వాళ్ళలో ఈ క్రింది రుగ్మతలకు గురవుతారు","1","1"
"","స్థూలకాయ మనుషులు వారి ఆరోగ్య విధానాలలో అనేక వ్యాధులకు, జీవన ప్రమాణ స్థాయి తగ్గుదల చూపుటకు ఈ క్రింది కారణాలుగా చూపగల్గును","1","1"
"","విటమిన్ 'A' లోపం వలన ఈ వ్యాధి వస్తుంది","1","1"
"","రింగ్ వార్మ్ అనేది వ్యాధి పేరు. దీని కారకాలు","1","1"
"","వైరల్ సంక్రమణ ' ఈ వ్యాధిని కలుగజేస్తుంది","1","1"
"","కామెర్లు' ఈ అవయవ క్రియ జరగకపోవడం వలన వస్తుంది","1","1"
"","టైఫాయిడ్' కు ఈ క్రింది మందులను నిర్మూలనకరిగా పరిగణించవచ్చు","1","1"
"","ట్రిపనోసోమా' అనునది వ్యాధికారక జీవి. ఇది జంతువు నుండి జంతువుకు లేదా మనిషికి ఈ క్రింది వాహకం ద్వారా రవాణా చేస్తుంది","1","1"
"","అధిక ఆల్కహాలును సేవించటం ఈ అవయవాలకు అనర్థం","1","1"
"","సిఫిలిస్'వ్యాధిని కలుగజేయునది","1","1"
"","ఈ క్రింది జీవి చర్మమును తొలుచుకొని దేహంలోకి ప్రవేశించి ప్రేగులను ఆవరించుకొని వుంటుంది","1","1"
"","ఈ క్రింది కారక జీవులు డిఫ్తీరియా మరియు ఇన్ ఫ్లూఎంజా కలుగజేయును","1","1"
"","మొట్టమొదటిసారిగా 'గుండె ఆపరేషన్' ను చేసిన వారు ఎవరు?","1","1"
"","ఈ క్రింది వ్యాధి లక్షణాలలో ముఖ్యంగా అధిక యూరిక్ ఆమ్లం నిల్వలు రక్తంలో వుండటం","1","1"
"","ఫుట్ మరియు మౌత్ జబ్బులు ఈ క్రింది వాటిలో ప్రదర్శించబడతాయి","1","1"
"","పోలియో వైరస్ దేహ శరీరములో ఈ క్రింది విధంగా ప్రవేసించబడుతాయి","1","1"
"","పాముకాటు వేసిన సమయంలో, కాటు వేసిన ప్రాంతంలో (టేర్నికట్) ఒక పొడిగుడ్డను గట్టిగ కట్టడంవలన","1","1"
"","కొన్ని రకాల శిలీంధ్రాలు ఫంగస్ లు మానవులకు కొన్ని రకాల వ్యాధులను కలుగజేస్తాయి. ఈ క్రింది వానిలో ఒకదానిని గుర్తించండి","1","1"
"","వాయువ్య దేశాలలో ఏ దేశంలో ప్రమాదకరమైన  సివిరియ అక్యూట్ రెస్పిరెటరీ సిండ్రోమ్ (SARS) అనేది అనేక మంది చావుకు కారణమయ్యింది","1","1"
"","అవాయు స్థితిలో బ్యాక్టీరియా జాతులు మానవ జాతి వినాశనానికి  కారణభూతమైనవి, ఈ క్రింది ఏదైనా ఒక వ్యాధిని క్లాస్టిరియం జాతుల వలన వచ్చే వ్యాధిని గుర్తించండి","1","1"
"","రిస్పెరిన్' అనేది ఈ క్రింది విధంగా పనిచేస్తుంది","1","1"
"","జనాభా అనగా","1","1"
"","ఒక ఆవరణ వ్యవస్థలో ఈ క్రింది భాగాలు కలిగి ఉంటాయి","1","1"
"","ఒక ప్రయరీ(గడ్డిభూమి) అనగా","1","1"
"","నైట్రిఫికేషన్ అనగా","1","1"
"","ఈ క్రింది ఒక విధానములలో థార్ ఎడారి విస్తరణను క్రమబద్దీకరించవచ్చు","1","1"
"","భూ ఉపరితలం పైనున్న వాతావరణంలో 'ఓజోన్' పొర జీవ సముదాయానికి ఈ క్రింది ఉపయోగాలను కలుగజేస్తుంది","1","1"
"","హైడ్రోసైట్ అనునది","1","1"
"","ఎకోలాజీకి ఒక క్రియాత్మక యూనిట్ గా దీనిని వ్యవహరిస్తారు","1","1"
"","ఆక్వాకల్చర్ అనేది","1","1"
"","ఈ క్రింద పేర్కొన్న ప్రాచీన మానవులలో ప్రాచీన సర్జరీలు, రికార్డులు భద్రపరుచుట ఆర్ట్ గ్యాలరీ రూపొందించటం, మరియు ఆచారకర్మకాండ క్రియలు వంటివి ఆచరించేవారు","1","1"
"","టైగా' అనేది దీనికి సూచికగా ఉంటుంది","1","1"
"","అతి ఉష్ణోగ్రతలను చూపే ప్రదేశాలలో ఈ క్రింది వాటిని గమనించగలము","1","1"
"","ఒక ప్రదేశములో పాములు మరియు రాబందులు ఎలుకల మీద ఆధారపడి జీవించుచున్నాయి. ఈ ప్రదేశములోని అడవి కుక్కలను ప్రవేశపెట్టినట్లైతే తదుపరి పరిణామాలు ఈ క్రింది విధంగా వివరించవచ్చు","1","1"
"","ఈ క్రింది ఉదహరించిన ఏ కణజీవాలు/నిర్జీవాలు విసర్జక వ్యవస్థకు చెంది వుంటాయి
1. మాల్ఫీజీయిన్ నాళికలు
2. ఫ్లేమ్ కణాలు
3. ఆమీబాయిడ్ కొలినోమోసైట్స్
4. క్లోరోగోజన్ కణాలు","1","1"
"","రేడియోకార్బన్ డేటింగ్ పద్ధతి ద్వారా వీటి వయసు నిర్ధారణ చేయవచ్చు","1","1"
"","ఉత్పరివర్తన పరిణామ సిద్ధాంతం' ను ప్రతిపాదించినవారు","1","1"
"","పెలియాంటిలాజి' వీటి అధ్యయనానికి తోడ్పడుతుంది","1","1"
"","లామార్క్ యిన్ థియరీ ఇన్ ఆర్గానిక్ ఎవల్యూషన్ ","1","1"
"","ఈ క్రింది ప్రముఖ అగ్రికల్చరల్ శాస్త్రవేత్తల్లో ఎవరు నోబెల్ శాంతి బహుమతి తీసుకున్నారు","1","1"
"","కుసుమ'ను భారతదేశంలో క్రింది భూములలో పండిస్తారు","1","1"
"","ఆంటిబయాటిక్ అనగా","1","1"
"","విత్తనాలు ను ఈ క్రింది విధానములలో నిల్వ చేయుదురు","1","1"
"","శర్బతి సోనారా' అనునవి ఒక","1","1"
"","భారత దేశములలో ఈ క్రింది రాష్ట్రాలలో అత్యధికంగా కాఫీ పంట పండిస్తారు","1","1"
"","సహజ వాతావరణంలో ఒక టీ మొక్క తన జీవితకాలంలో ఎంత ఎత్తుకు ఎదుగుతుంది?","1","1"
"","ఈ క్రింద పేర్కొన్న పదార్థాలలో టీ ఆకులకు ఒక ఉత్ప్రేరకములుగా పనిచేస్తాయి","1","1"
"","అంతర్జాతీయ రైస్ పరిశోధన సంస్థ ఈ క్రింది ప్రాంతంలో వుంది","1","1"
"","టర్పెంటైన్' క్రింది పదార్ధములలో లభిస్తుంది","1","1"
"","కొన్ని రకాల వృక్షాలు/మొక్కలు, కీటకాలను భక్షించుచు నైట్రోజన్ సంబంధిత పదార్థాలను గ్రహించుతాయి. వీటిని 'కీటకాహార మొక్కలు' అంటారు. ఈ క్రింది వానిలో వాటిని గుర్తించండి","1","1"
"","ఎర్ర సముద్రం' కు ఆ పేరు ఈ క్రింది విధంగా వచ్చింది","1","1"
"","ఈ క్రింది ఏ దేశమును ప్రపంచ పంచదార పాత్రగా వ్యవహరించుతారు","1","1"
"","కాటన్ ఫైబర్స్ ను దేని నుండి సంగ్రహించుతారు","1","1"
"","ఈ క్రింది వానిలో అతి చిన్న జీవ కణం కలది","1","1"
"","నాస్టక్ అనేది ఒక నీలి ఆకుపచ్చ శైవలం క్రింది కింగ్ డమ్ డివిజన్ లలో చేర్చారు","1","1"
"","ప్రోకారియోటిక్ అనేది","1","1"
"","ఈ క్రింది కణజాలాలు ఎముకల ఎదుగుదలలో ప్రముఖ పాత్ర వహిస్తాయి","1","1"
"","సాధారణ ఎముక వృద్ధి ఈ క్రింది జీవపదార్థాలచే ప్రభావితం చేయబడుతుంది","1","1"
"","అధికంగా శ్రమించే శ్రామిక జీవుల చేతులు, అరి కాళ్ళ చర్మం మందంగాను, ఉండటానికి కారణం","1","1"
"","తోలు' అనేది ఈ క్రింది ఉత్పన్నము","1","1"
"","ఎనామిల్' అనేది ఈ క్రింది వానిని కప్పి ఉంటుంది","1","1"
"","ఆకులు ఆహారంగా తీసుకునే గొర్రె లాంటి జంతువులలోని ఆహార పదార్థాలలోని సెల్యులోజ్ జీర్ణక్రియ ఫలితంగా అంత్యపదార్థాలుగా జీర్ణవాహికలో మిగిలిపోతాయి","1","1"
"","సగం ఉడికిన ఆలుగడ్డలను ఆహారంగా తీసుకున్న, అవి జీర్ణం కాలేదు. దీనికి కారణం","1","1"
"","పరిపక్వ చెందని కొన్ని చెట్లలో కాయలు చెట్ల నుండి రాలిపోతాయి. దీన్ని నివారించుటకు","1","1"
"","హృదయం గరుకు అనేది ఈ క్రింది విధంగా వస్తుంది","1","1"
"","మెదడులో రక్తం ఎన్ని సెకన్ల కాలం ప్రవహించలేకపోతే స్పృహను కోల్పోతారు","1","1"
"","బోల్దింగ్ మరియు రోశెట్టి విధానం వంటి ప్రక్రియలో పాలుపంచుకునే వృక్ష హార్మోన్లు","1","1"
"","ఈ క్రింద పేర్కొనబడిన 'కణాంగము' ను ఆత్మాహుతి కోషంగా వ్యవహరించుచున్నాము. ఎందుకనగా వివిధ రకాల కణ నిర్మాణాలను జీర్ణక్రియ చేయటంలోనూ, మొత్తం కణంను జీర్ణం చేయుటలోనూ తోడ్పడుతుంది. ఈ కణాంగాలు ఏవి","1","1"
"","ఇటీవలే మెడికల్ సైన్సులో ఆవర్తక పదార్థ ధర్మముతో, రేడియేషన్ ధర్మాలను ఉపయోగించకుండా, కేవలం లిప్తకాలంలో బయోకెమికల్ సమాచారం ఇవ్వగలిగితే ఈ రసాయన విశ్లేషణాకారి","1","1"
"","ముష్కాలు సాధారణంగా ముష్కగోణులలో దిగబడే కాలం","1","1"
"","మెనోపాజ్ చేరుకునే వయసు","1","1"
"","సాధారణ స్థితిలో ఋతుచక్రం ప్రారంభమయిన రోజు నుండి అండోత్పాదక నాళికలు పరిపక్వతను ఈ రోజులలో సాధించుతుంది","1","1"
"","యుక్త వయస్సు గల మనిషి యొక్క అస్థిపంజరంలో ఎముకల సంఖ్య","1","1"
"","చెవి ఎముకల మొత్తం సంఖ్య ఎంత?","1","1"
"","క్రింది చేపలో మిగతా మూడు చేపల కంటే ఏది పుచ్చాల విభేదన చూపుతుంది","1","1"
"","చాలా రకాల చేపలు నీటిలో మునగవు, కారణం ఈ క్రింది నిర్మాణాలు కల్గి ఉండటం వలన","1","1"
"","ఈ క్రింద పేర్కొన్న జంతువులలో దేహనిర్మాణములో ఫ్లిప్పర్స్ లు వుంటాయి","1","1"
"","బ్రతికి వున్న పక్షులలో అతిపెద్దది","1","1"
"","ఈ క్రింది క్షీరదము గుడ్లను పెట్టగలదు","1","1"
"","సూడోసీల్ ఈ క్రింది వానిలో వుంటుంది","1","1"
"","బ్యాక్టీరియా ఫేజ్' అనేవి","1","1"
"","మొదటిసారిగా వైరస్ లను రసాయనికంగా స్పటికాల రూపంలో వేరు చేసినందుకు నోబెల్ బహుమతి వచ్చింది. ఆ శాస్త్రవేత్త పేరేమిటి?","1","1"
"","ఈ రోజు శాస్త్ర ప్రగతి అంతయు అణుజన్యుశాస్త్ర పరిశోధనలపై ఆధారపడింది. ఈ పరిశోధనలకు E.Coli అను బ్యాక్టీరియాలను మాధ్యమంగా తీసుకుందురు. వీటిని సంవర్దనయానకం కోసం ఈ క్రింది నమూనాలను సేకరించవచ్చును","1","1"
"","ఒక జన్యువు - ఒక ఎంజైమ్ సిద్ధాంతం' ప్రకారం ఒక జన్యు అనువంశిక లక్షణాలను క్రమబద్దీకరణ చేస్తూ, కేవలం ఒక ఎంజైమ్ సంశ్లేషణలో పాల్గొంటుంది. ఈ విధానమును ప్రయోగపూర్వకంగా నిరూపించినవారు","1","1"
"","గ్రెగర్ మెండల్' ను జన్యుశాస్త్రపితామహుడు' గా జీవశాస్త్ర పరిశోధనకు వర్ణించుతారు. మొదటిసారిగా గ్రెగర్ మెండల్  జన్యు సూత్రాలను ప్రతిపాదించాడు. ఇతను ఏ జంతువులలో/మొక్కలలో ప్రయోగాలను జరిపినారు","1","1"
"","జన్యువుఅనేది అనువంశిక ప్రామాణిక నిర్మాణము. ఈ నిర్మాణమును రసాయనికంగా మొదటగా తయారు చేసినవారు","1","1"
"","మానవునిలో క్రోమోజోముల జత లింగ- నిర్దాయికంగా ఉంది. ఈ క్రోమోజోమును, సెక్సు క్రోమోజోములు అందురు. మిగిలిన క్రోమోజోములను ఈ క్రింది విధముగా వర్ణించవచ్చు","1","1"
"","ఈ క్రింద పేర్కొన్న మానవుని వ్యాధులలో వంశపారంపర్యంగా సంక్రమించేది","1","1"
"","ఒక తెల్లని వర్ణం గల స్త్రీ, నల్లని వర్ణం గల పురుషులను వివాహమాడినారు. వీరికి జన్మించిన నలుగురు పిల్లలలో - ఇద్దరు పురుషులు, ఇద్దరు స్త్రీలు. ఇద్దరు పిలల్లు నలుపు రంగు కావటానికి కావలసిన అనుపాతం శాతం","1","1"
"","కొన్ని రకాల మానవుని వ్యాధులు జన్యు నియంత్రణలో ఉంటాయని నిర్ధారణకు వచ్చిన శాస్త్రవేత్త","1","1"
"","ఈ క్రింది ఏ రకమైన మానవుని వ్యాధులు అనువంశికతతో క్రమబద్దీకరించవచ్చు","1","1"
"","ఒకవేళ ఒక పాత చెట్టును పార్శ్వంగా కోసినట్లైతే, వివిధ రకాల వృద్ధి వలయాలు కనిపిస్తాయి. ఈ వృద్ధివలయాలను సంఖ్యను బట్టి ఆ చెట్టు యొక్క వయసును తెలియజేయవచ్చు. ఈ వలయాలను ప్రధానముగా ఈ క్రింది మొక్కలలో చూడవచ్చును","1","1"
"","ఇది ఆర్కిటిక్ మరియు అల్పైన్ ప్రాంతంలో మంచుగడ్డలు ఎరుపు రంగులో కనిపిస్తాయి. ఈ 'ఎరుపు మంచు' దృగ్విషయాలు ఈ క్రింది కారణాల వలన కలుగుతాయి","1","1"
"","ఎరుపు రంగు అలల కారణంగా పశ్చిమ తీరాలలోని ఫ్లోరిడాలో మిలియన్ల కొద్ది చేపలు చనిపోతున్నాయి. ఈ ఎరుపు అలలకు కారణం ఏమనగా","1","1"
"","నోరి' అనునది జపానీస్ యొక్క ఇష్టమైన ఆహార పదార్థములు. దీన్ని ఈ క్రింది వాని నుండి తయారుచేయవచ్చు","1","1"
"","త్రాగే టీ ఎరుపు త్రుప్పు రంగు ఉండడానికి కారణం","1","1"
"","లైకెన్స్' అనునది, స్వయం పోషక లక్షణంగా గలిగే 'ఆల్గే' మరియు, ఈ క్రింది వాని సన్నిహిత సంబంధము కలదు","1","1"
"","కొన్ని వృక్షపు జాతులలో పండ్ల వృద్ధి ఫలదీకరణం ప్రక్రియ లేకుండానే జరుగుతుంది. ఈ దృగ్విశయమును ఈ క్రింది విధంగా వర్ణించవచ్చును","1","1"
"","లిట్మస్' అనునది ఈ క్రింది వాని నుండి లభ్యమవుతుంది","1","1"
"","కొన్ని రకాల పుష్పించే మొక్కలు ఎలర్జీని ఉత్పత్తి చేసే పుప్పొడి రేణువులు కలిగి ఉంటాయి. ఈ మొక్కలు సర్వసాధారణముగా","1","1"
"","ఈ క్రింది వృక్ష జాతి వేరు వ్యవస్థ నుండి వీటిని సంగ్రహిస్తారు","1","1"
"","ఈ క్రింది జాతిమొక్కలకు పుష్పించే మొగ్గల నుండి వీటిని తయారుచేయవచ్చును","1","1"
"","సూక్ష్మజీవనాశిని ' Ampicillin' అనేది ఒక","1","1"
"","మొట్టమొదటిసారిగా ఈ క్రింది శిలీంద్రనాశినిని వృక్షవ్యాధుల చికిత్సకై కనుగొన్నారు","1","1"
"","యాపిల్ పంటలో నీటి సమతుల్య వ్యాధి కారణమైనది","1","1"
"","ఈ క్రింద పేర్కొన్న వృక్ష వ్యాధులలో వైరస్ వల్ల సంక్రమించే వ్యాధుల పేర్లను తెలపండి","1","1"
"","చెరకు, వరి వంగడాలపై ఆశించే విచ్ లీడ్ వ్యాధికి కారణం అయినది ఏది?","1","1"
"","క్రింద పేర్కొన్న  వృక్ష వ్యాధులలో, ఏది బ్యాక్టీరియన్ సంక్రమణకి సంబంధించింది కాదు?","1","1"
"","నిమోటోడాల అదుపునకై ఈ క్రింది పద్దతులు ప్రభావికంగా ఉంటాయి","1","1"
"","ఈ క్రింది వ్యాధిజనకాలు 'ఈగ' ల ద్వారా వ్యాప్తించవు","1","1"
"","అంటు వ్యాధి కాకుండా, మిగతా వ్యాధులకు కూడా 'ఎనాఫిలస్ దోమలు' వాహకంగా పనిచేస్తాయి","1","1"
"","ఈ క్రింద పేర్కొన్న వ్యాధుల గ్రూపులు సాధారణంగా సకశేరుకాల నుండి మానవునికి ట్రాన్స్ మిట్ అవుతాయి","1","1"
"","మొట్టమొదటిసారిగా ప్రభావవంతమైన పోలియో వాక్సిన్ ను తయారుచేసినది ఎవరు?","1","1"
"","ఈ క్రింద పేర్కొన్న వ్యాధుల గ్రూపులు దోమకాటు వలన మానవులకు వ్యాపించుచున్నాయి","1","1"
"","రూబెల్లా కి మరొక పేరు","1","1"
"","మలేరియా' వ్యాధి నివారణకు మందు ఈ మొక్క నుండి తీస్తారు","1","1"
"","అతిగా ఆల్కహాలు తీసుకునే వారు సాధారణంగా ఈ క్రింది వ్యాధులతో మరణిస్తారు","1","1"
"","సాధారణ క్రమానుగ్రత శ్రేణిలో గడ్డి మొక్కలను ఆవులు తినడం, ఆవును మనుషులు తినడం లేదా ఆవుపాలు త్రాగడం అనేది ఈ క్రిందివానికి ఉదాహరణ","1","1"
"","ప్రపంచంలో ఎక్కువ జనాభా గల ప్రాంతాలలో ఆహారపు కొరత ఉంటుంది. అక్కడ ఈ క్రింది వాటిలో వినియోగం ఉంటుంది","1","1"
"","జనుము ఉత్పత్తి చేసే దేశాల్లో వాటి వినియోగం ఈ క్రింది క్రమంలో ఉంటుంది","1","1"
"","ఈ క్రింద వ్యవహరించబడిన వృక్ష/జంతు సముదాయములలో అత్యదిక ఉష్ణోగ్రతల దగ్గర పెరుగుతూ, తదనుగుణంగా వృద్ధి కనబరుచుతాయి","1","1"
"","స్మోగ్' వాతావరణ పరిస్థితితో, ఏ క్రింది కారకాలు ముఖ్యంగా కంటికి ప్రమాదకారిగా దోహదం చేస్తుంది","1","1"
"","కోల్ బర్నింగ్ పవర్ ప్లాంట్స్ మరియు ఫ్యాక్టరీలు 86% వరకు ఈ క్రింద పేర్కొన్న వాయువు ఆమ్లాలను వాతావరణంలోకి వదిలివేయబడుతాయి","1","1"
"","ప్రతి ఒక జీవరాశులలో 'కణం' అనే ప్రాథమిక అంశాలలో నిర్మింపబడి వుందని, ప్రతి కణం ప్రాథమికంగా నిర్మాణాత్మక, క్రియాత్మక ప్రమాణమని తన సిద్ధాంతములలో ఒక ముఖ్యాంశాములుగా పేర్కొనినవారు
1. లూయిస్ పాశ్చర్
2. ఎం.జె. షైడ్లన్
3. రాబర్ట్ హుక్
4. స్క్వాన్","1","1"
"","ఒక కేంద్రపూర్వ కానమును వికేంద్రకణమును ఈ క్రింది విధంగా విభేదించవచ్చును
1. ఒకే ఒక కణంను కలిగి ఉంటుంది
2. కణాంగాలైన మైటోకాండ్రియా మరియు గాల్జి కేంద్రకాలను కలిగి యుండుట
3. త్వచయిత కేంద్రకాలను లేకపోవుటను
4. రైబోజోమ్ లు లేకపోవుటను","1","1"
"","ఈ క్రింది వానిలో 'ప్రోక్యారియోటిక్ కేంద్రక పూర్వకణము' కానిది ఏది?
1. కొరెల్లా
2. ఇన్ ఫ్లూయెంజా
3. ట్యూబర్ క్యులోసిస్ బ్యాక్టీరియా
4. ఈస్ట్","1","1"
"","ఒక జంతుకణం, ప్రాథమికంగా ఒక వృక్షకణం నుండి ఈ క్రింది విధంగా విఛేదనం చూపుతుంది","1","1"
"","వివిధ రకాల జీవన రసాయన చర్యల్లో ఎంజైములలో అతి ముఖ్యమైన నిర్మాణాంశాలైన కో ఎంజైమ్స్ చర్య ప్రక్రియలో తోడ్పడుతుంది. ఈ కో ఎంజైమ్ ముఖ్యంగా ఈ క్రింది జీవే పదార్థాల నుండి ఉత్పన్నం అవుతాయి
1. రైబో ఫ్లోవిన్
2. నికోటినమైడ్
3. ఆస్కార్బిక్ ఆమ్లం
4. గ్లూటమేట్","1","1"
"","ఫలదీకరణ సమయంలో శుక్రకణం అండంలోకి చొచ్చుకు పోవు సమయంలో ఈ క్రింద పేర్కొన్న ఎంజైములు తోడ్పడతాయి
1. ట్రిప్పీన్ లాంటి ఎంజైములు
2. హైయలో రోనిడేస్
3. స్పెర్మెజ్
4. స్పెర్మిన్","1","1"
"","ఈ క్రింది ఇవ్వబడిన వ్యాధుల సమూహాలలో లోపరహితం కారణంగా వచ్చేవి 
1. సాధారణ గాయిటర్ మరియు ఓరియంటల్ సోర్
2. గ్జెరా ఫ్తాల్మియా మరియు వర్ణంధత్వం
3. రేచీకటి మరియు మరాస్మస్
4. బెరిబెరి మరియు ఆస్ట్రియోమలేషియే","1","1"
"","క్షీరదాల హృదయవరణంలో రక్త ప్రసరణ దశలు ఈ క్రింది విధంగా తెలపబడ్డాయి
1. ఎడమ కర్ణిక
2. ఎడమ జటరిక
3. కుడి కర్ణిక
4.'కుడి జటరిక","1","1"
"","పశువుల పై దవడలలో శాశ్వత రధనికల సంఖ్య","1","1"
"","ఒక కోడిగుడ్డులో కార్బోహైడ్రేట్ ల భారం","1","1"
"","ప్రపంచ ప్రసిద్ధిగాంచిన అధిక గుడ్లు పెట్టే కోళ్ళ జాతి ఏది?","1","1"
"","భారతదేశంలో పొడవైన గొర్రెజాతి","1","1"
"","ఈ క్రింది జంతువులలో నెమరు వేయనిది ఏది?","1","1"
"","""గల్లస్, గాలస్"" క్రింద ఇవ్వబడిన వయస్సులో లైంగిక పరిపక్వతను చూపుతుంది","1","1"
"","పశు సంపదలో ఈ క్రింది వ్యాధి కారకంగా వంజత్వం వస్తుంది","1","1"
"","ఈ క్రింది వ్యాధులలో వైరస్ వల్ల రానిది ఏది?","1","1"
"","దేశ వ్యాప్తంగా ఈ క్రింది రాష్ట్రంలో అత్యధిక సంఖ్యలో పందులు కలవు","1","1"
"","బైకాన్, హామ్ మరియు లార్డ్, ఈ పదాలు కింద ఇవ్వబడిన పశు సంపదకు సంబంధించింది ","1","1"
"","రాజస్థాన్ లోని ఏ జాతి గొర్రెల నుండి మన్నిక గల ఉన్నిని తీస్తారు","1","1"
"","ఆవు, బర్రెల లాంటి జీవాలలో పై, కింది దవడలలో శాశ్వత రధనికల సంఖ్య","1","1"
"","యూరప్ లాంటి దేశాలకు ఎగుమతి అయ్యే అతిమన్నిక గల కార్పెట్ లను తయారు చేయగలిగే, జోరియా ఊలును ఈ క్రింది గొర్రె జాతి నుండి తీస్తారు","1","1"
"","ఒంటెలో గర్భావది కాలం","1","1"
"","భారతదేశ ఆర్థిక వ్యవస్థలో మేక సంతతి ఆర్థిక వనరుల వాటా","1","1"
"","నాన్నీ అనేది ఏ జాతికి చెందిన ఆడ జంతువు","1","1"
"","మేక జాతిలో పాశ్ మేనియా అనేది క్రింది జాతి నుంచి ఉద్భవించింది","1","1"
"","ఈ క్రింది వ్యాధులలో బాక్టీరియా వ్యాధులకు సంబంధించినవి
1. ఏవియన్ డిఫ్తీరియా
2. మ్యాస్టిటీస్
3. బ్లాక్ క్వాటర్
4. ఫూట్రాట్","1","1"
"","మెదడు పనితనాన్ని తెలియజేసే యంత్రం ఎలక్ట్రో ఎన్ సెఫెలో గ్రామ వాని సాంకేతిక వివరణలు ఈ క్రింది వ్యాధి నిర్ధారణలో ఉపయోగపడుతుంది
1. ఎపిలెప్సి
2. మెదడుకు ఇన్ఫెక్షన్స్, మెదడుపై మందుల ప్రభావం
3. నిద్ర మరియు వాటి యొక్క అసాధారణ రూపాలు
4. బ్రెయిన్ డెత్","1","1"
"","ఈ క్రింది వ్యాధుల పేరులో వ్యాధి జనక ప్రోటోజోవాల వలన వచ్చే వ్యాధులను గుర్తించండి
1. కోకైడయోసీస్
2. బేబీషియోసీస్
3. స్పోరింగ్ వ్యాధి
4. జానీస్ వ్యాధి'","1","1"
"","వృక్ష కణ దేహాలలోని విభాజ్యా కణజాలం ప్రాథమికంగా ఈ విధులను నిర్వర్తిస్తుంది","1","1"
"","వాణిజ్యపరంగా కార్క్ అనేది ఈ క్రింది వృక్షం నుంచి తీసే బెరడు","1","1"
"","ఏపిడర్మిస్ అనేది పత్రం యొక్క పైన ఉన్న త్వచపు కణజాలం దీనిలో వాయు వ్యాపనాన్ని నిర్వర్తించే రంధ్రాలను ఈ విధంగా పిలుస్తారు","1","1"
"","స్త్రీ మరియు పురుష పుష్పాలు కలిగి ఉన్నటువంటి వృక్షాన్ని ఏమంటారు?","1","1"
"","సబ్-జీరో ఉష్ణోగ్రతల వద్ద బ్యాక్టీరియా ఈ కాలం వరకు జీవించగలదు","1","1"
"","ఒక గ్రాము ఫలవంతమైన నేలలో బ్యాక్టీరియాలు సుమారుగా","1","1"
"","మొదటిసారిగా ప్యూర్ కల్చర్ లో బ్యాక్టీరియాను వృద్ధిపరిచిన శాస్త్రవేత్త","1","1"
"","బ్యాక్టీరియాల వల్ల వృక్షానికి కలిగే వ్యాధి","1","1"
"","ఆమీస్ పరీక్ష ఈ పరీక్షను తెలుపుతుంది","1","1"
"","అనువంశికత లక్షణాలను క్రమబద్దీకరణం చేసే కారకాన్ని జీన్ అనే మాటను ప్రవేశపెట్టిన వారు","1","1"
"","మానవునిలో 23 జతల క్రోమోజోములు వున్నాయి. ఒక స్త్రీలోని 23 జతల క్రోమోజోముల్లో ఎన్ని రకాల అండాలు వుంటే విషమ యుగ్మాజా స్థితిగా భావించవచ్చు","1","1"
"","వృక్ష రాజ్యంలో అతిపొడవైన సిద్ధ బీజాలు కలిగి ఉన్న మొక్కలు","1","1"
"","ద్విఫలదీకరణ అనేది ఈ క్రింది మొక్కల ముఖ్య లక్షణం","1","1"
"","బాగా ఎదిగిన వృక్షం నుంచి ప్రయోగాత్మకంగా లైంగిక సంబంధ అవయవాలను మినహాయించి సరికొత్త మొక్కగా వృద్ధి చెందితే ఈ దృగ్విషయాన్ని ఈ విధంగా పిలుస్తారు","1","1"
"","పరిణామ క్రమంలో బాగా అభివృద్ధి చెందిన వృక్షాలు మరియు జంతువులు సర్వసాధారణంగా ద్వయ స్థితికాలు, ఇవి తమ శరీరంలో 2 జతల క్రోమోజోమ్ లను కలిగి ఉంది అయినను ఏవి ఏకస్థితిక పుప్పొడి రేణువుల నుంచి వృక్షంగా అభివృద్ధి చెందగలదు. ఈ దృగ్విషయాన్ని ప్రయోగాత్మకంగా మొదట నిరూపించినవారు","1","1"
"","అభివృద్ధి చెందిన జీవరాశులైన వృక్షాలు, జంతువులు మరియు మానవునితో సహా అన్ని కూడా తమ జీవిత చక్రాన్ని ఒకే ఒక ప్రాథమిక కణంతో ప్రారంభిస్తాయి. ఈ ప్రాథమిక కణమైన జైగోట్, తదుపరి దశలో విభజనను పునరావృత్తంగా చూపుతూ పూర్తి జీవిగా అభివృద్ధి చెందుతుంది. ఈ విభజనను ఈ క్రింది విధంగా వర్ణించవచ్చు","1","1"
"","ఒక కణం విభజన కావడానికి వాటిలోని DNA నిర్మాణం కూడా ద్విగునీకరణ కావడం అత్యవసరం. ఈ ద్విగునీకరణము ఈ కణ విభజన సమయంలో జరుగుతుంది","1","1"
"","""జంపింగ్ జీన్స్"" అను సిద్దాంతాన్ని ప్రతిపాదించినవారు ","1","1"
"","ఈ క్రింది శాస్త్రవేత్తలలో వైజ్ఞానిక రంగంలో రెండుసార్లు నోబుల్ బహుమతి పొందిన శాస్త్రవేత్త ఎవరు?","1","1"
"","జీవకోటికి ప్రాణాధారమైన కిరణజన్య సంయోగక్రియ వృక్షాల జీవక్రియల్లో ప్రధానమైనది. క్రింది శాస్త్రవేత్తల్లో ఈ విభాగానికి చెందినవారిని గుర్తించండి","1","1"
"","టోమోటో, వంకాయ, బంగాళాదుంపలు, పొగాకు పెటూనీయ మరియు జాజి మల్లె ఈ క్రింది కుటుంబానికి చెందినవి","1","1"
"","చెరకు పంట నుంచి సుక్రోజ్ నిల్వలు తగ్గిపోవడానికి కారణాలు","1","1"
"","సాధారణంగా పంటలు పండించేందుకు అనువుగా వుండే నేలల PH విలువ","1","1"
"","క్షయకరణ విభజనలో ప్రోపెజ్-I దశలో సమరూప క్రోమోజోములు జతకావడాన్ని ఈ క్రింది విధంగా పేర్కొంటారు","1","1"
"","బయోటెక్నాలజీ శాస్త్రపరిజ్ఞానం పరిధిలోనికి వచ్చే ఈ క్రింది విషయాలు","1","1"
"","వైరస్ ల సంక్రమణం ద్వారా దేహకణములో ఉత్పత్తి అయిన ప్రోటీనులను ఏమంటారు?","1","1"
"","చాక్లెట్లు అతిగా తినడం వల్ల ఆరోగ్యానికి హానికర దాతువు ఏది?","1","1"
"","మానవుని రక్తంలో సహజంగా ఉండే ప్రతిరక్త స్కందనపదార్థం ","1","1"
"","ఈ క్రింది వాటిని ఉపయోగించి వాతావరణంలో కీటకాలు, వాటిని భక్షించే జీవులకు మధ్య సహజ సంతులాన్ని పెంపొందించేందుకు మార్గం","1","1"
"","తేనె టీగల్లోని ముళ్ళు ఈ క్రింది నిర్మాణాల రూపాంతరం","1","1"
"","ఈ క్రింది వానిలో విభిన్నమైనది ఏది?","1","1"
"","జెరియాట్రిక్స్ అనునది వీనికి సంబంధించింది","1","1"
"","ప్రతి సంవత్సరం 200 సెం.మీ వర్షపాతం నమోదయ్యే అడవులు","1","1"
"","హైపర్ మాన్షియా అనగా","1","1"
"","ఒకవేళ ఒక వ్యక్తిలోని చేతి భాగానికి రక్తాన్ని సరఫరా చేసే వ్యవస్థను పూర్తిగా ఆపుదల చేస్తే ఆ స్థానంలో కణజాలం నశించిపోయే స్థితిని ఈ క్రింది విధంగా పేర్కొనవచ్చు","1","1"
"","ఆపరేషన్ తర్వాత ఏర్పడే తెల్లటి వ్యర్థ పదార్థాలు, విష పదార్థాల వలన చనిపోవడాన్ని గుర్తించిన శాస్త్రవేత్తలు","1","1"
"","ఈ క్రింది కిరణాల దుష్ప్రభావాల వలన డాక్టర్, ఇతర టెక్నీషియన్ లకు కేటారాక్ట్ దెబ్బతినే అవకాశం ఉంది","1","1"
"","పొగాకు త్రాగడం వల్ల వచ్చే పొగలో ఉండే ఏ పదార్ధం ఆరోగ్యానికి హానికరమైంది","1","1"
"","ఈ క్రింది గ్రూపుల్లో దంతాలు లేని జీవులు","1","1"
"","స్త్రీల కంటే పురుషులలో నడుము మరియు ఇతర అస్థిపంజరము కండరాలు అభివృద్ధి చెందడానికి ప్రాతిపదిక","1","1"
"","ఈ క్రింది వానిలో మెనిస్ట్రువల్ ఋతుచక్రాలను గమనించవచ్చు","1","1"
"","మొక్కలలో ఆహార పదార్థాల రవాణాకు తోడ్పడే కణజాలాలు","1","1"
"","పిండ అభివృద్ధి సమయంలో క్షీరదాల శరీరం ఈ క్రింది సన్నని వెంట్రుకల త్వచంచే కప్పబడి వుంటుంది","1","1"
"","స్కువా అనేది ఒక","1","1"
"","ప్రత్యేక పద్దతిలో ఒక వ్యక్తి నుంచి మరొక వ్యక్తికి సోకని ఇన్ఫెక్షియస్ వ్యాధి","1","1"
"","డెడ్ హార్ట్స్ అనేవి కింది మొక్కల నుంచి ఉత్పత్తి అవుతాయి","1","1"
"","స్వాంప్ జింక లేదా బారా సింగా అనేవి ఈ ప్రాంతంలో కనిపిస్తాయి","1","1"
"","ఈ క్రింది క్షీరదం ఎడారిలో దొరికే సుష్కించిపోయిన విత్తనాలను, పండ్లను ఆకుపచ్చని భాగాలను తిని నీటిని త్రాగకపోయిన వర్దిల్లుతూ వుంటుంది","1","1"
"","ఆధునిక మానవుడు పరిణామ క్రమంలో భూమిమీద ఈ కాలంలో ప్రవేశించాడు","1","1"
"","పొడగాటి అభివృద్ధి చెందిన బార్బెల్స్ ఎక్కడ కనిపిస్తాయి
1. సొర చేప - స్కోలియోడాన్
2. రోహ్ - లేబియో
3. మాళ్ళీ - వాలగ
4. సింగార - మిస్టన్
పై వాటిలో సరైనవి ఏవి?","1","1"
"","లివర్ రాట్' అనునది ఈ క్రింది కారణం వల్ల వస్తుంది
1. లివర్ వర్ట్
2. లివర్ ఫ్లూక్
3. సం.ల కొద్ది అతిగా ఆల్కహాలు సేవించడం వల్ల
4. ఫ్యాషియోల హైపాటికా","1","1"
"","స్ట్రాటో ఆవరణంలో ఓజోన్ పొర తగ్గుదలకు సరైన కారణాలు
1. అతి ఎత్తులో ప్రయాణించే సూపర్ సోనిక్ విమానాల నుండి వెదజల్లబడే రసాయనాలు
2. నత్రజని సంబంధ రసాయన ఎరువుల నుండి నైట్రస్ ఆక్సైడ్ వెలువడడం
3. ట్రోపో ఆవరణంలోని క్లోరిన్ అణువులు ఓజోన్ తో చర్యనొంది వినాశకారి అవుతుంది
 4. రిఫ్రిజిరేషన్ పద్దతిలో ఎయిర్ సోల్ స్ప్రే పాత్రలలో క్లోరోఫ్లోరో కార్బన్స్ ను వాడడం ","1","1"
"","""నోరిన్ - 10"" అనేది ఏమి సూచిస్తుంది?","1","1"
"","19 వ శతాబ్ది కాలంలో ఐరిస్ దేశస్థులు ఈ క్రింది వాని వృక్ష వ్యాధి వలన ఆహారపు తీవ్ర కొరతకు లోని వేలాది మంది చనిపోవడానికి కారణమైంది","1","1"
"","ఈ క్రింద వచ్చే పంటల్లో లూస్ స్మట్ వ్యాధికి సరైనవి ఏవి?
1. బార్లీ
2. మొక్కజొన్న
3. వరి
4. గోధుమ","1","1"
"","ఈ క్రింది ఏ రకపు పంటలు ""ఎర్లీ బ్లైట్"" వ్యాధికి గురవుతున్నాయి?","1","1"
"","మానవ నిర్మిత వంగడం ""ట్రిటికేల్"" ఈ క్రింది విధంగా ఉద్బవిస్తుంది","1","1"
"","ట్రిటికేల్ అనేది మానవ నిర్మిత గింజ ధాన్యం ఇది ఏ రకాల జాతుల కలయిక వలన ఏర్పడుతుంది","1","1"
"","ఆకర్షణ పంటలు అనేవి","1","1"
"","డాక్టర్ సీయాజెత్ జీమ్ ఆర్జీ అనే శాస్త్రవేత్త 1937 సం.కి గాను నోబుల్ ప్రైజ్ అందుకున్నాడు. ఇతని పరిశోదక ఆవిష్కరణలో ఈ క్రింది మొక్క నుంచి విటమిన్ 'సి' ని ఏర్పరచాడు","1","1"
"","కాగిత పరిశ్రమలో కాగితం తయారీలో వివిధ రకాల దారువులు పత్తి విత్తనాలు, లైనిన్ భాగాల నుంచి ఉత్పత్తి అయిన గుజ్జును వాడుతారు. ఈ క్రింది వృక్ష భాగాల నుంచి అతి నాణ్యత గల కాగితాన్ని తయారు చేస్తారు","1","1"
"","సుష్కిత నూనెలు గల ఈ క్రింది పదార్థాలలో సముచిత ప్రాధాన్యత కలిగి ఉంది","1","1"
"","గింజ ధాన్యాలలో మొదటిగా మానవుడు ఉపయోగించినది","1","1"
"","ఒక మొక్క కేవలం సాగుదల ద్వారానే వస్తుంది. ఇలాగ సాగుదల ద్వారానే సాధించబడే మొక్కను ఈ క్రింది విధంగా పిలుస్తారు","1","1"
"","ఈ క్రింద వర్ణింపబడిన పత్ర రంధ్రాల నుంచి ఒకేసారిగా నీరు స్రవించబడుతుంది. వీటిని ఏమందురు?","1","1"
"","మొక్కలలో ఈ కణజాలం ఆహార పదార్థ రవాణాకు తోడ్పడుతుంది","1","1"
"","కొన్ని వృక్షాలు తమంతట తాము ఆహార పదార్థాలను తయారు చేసుకోలేవు అవి ఇతర ఆహార పదార్థాల మీద ఆధారపడతాయి. ఇట్టి వాటిని ఏమంటారు?","1","1"
"","పండ్లు పరిపక్వత రావదానికి ఈ క్రింది పరిస్థితులు అనుకూలం","1","1"
"","90% మేరకు భూగోళం అంతటికి ఆహారాన్ని అందించే  మొక్క జాతులు","1","1"
"","ఈ క్రింది కూరగాయలలో విటమిన్- ఎ సమృద్ధిగా లభిస్తుంది","1","1"
"","వైరస్ లలో జన్యు పదార్ధం","1","1"
"","ఒక గ్రాము ఫలవంత వ్యవసాయక మృత్తికలో వున్న బ్యాక్టీరియాలు","1","1"
"","ట్రైకో దేర్మా విరిదై అనేది ఒక ఫంగస్. ఇది రెండవ ప్రపంచ యుద్ధ సమయంలో ఒక చీడ మొక్కగా గుర్తించారు. ప్రస్తుతం దీన్ని యు.ఎస్.ఏ ఆర్మీ సాగుదల చేస్తుంది. దీని ప్రాధాన్యత","1","1"
"","ఈ క్రింది వృక్ష లేదా జంతు వ్యాధులలో వైరస్ కారకం కానిది
1. బంచీటాప్
2. కురూ
3. ఆకుముడత
4. పొటాటో స్పిండిల్ ట్యూబర్","1","1"
"","క్రింది ద్రాక్ష జాతులను సర్వ సాధారణంగా వైన్ తయారీలో ఉపయోగిస్తారు","1","1"
"","మానవుల, మొక్కల జన్యు లక్షణాలను గుర్తించే జత క్రోమోజోములను సెక్స్ క్రోమోజోములు అంటారు. ఇవి కాక మిగతా క్రోమోజోములను ఏమంటారు?","1","1"
"","మానవునిలో వచ్చే జన్యువు విభేదాలు
1. డౌన్ సిండ్రోమ్
2. హిమోఫీలియా
3. లేస్ నైహాన్ సిండ్రోమ్
4. తాలాస్ మియా 
వీటిలో సెక్సు లింక్డ్ డిజార్డర్స్ ఏవి?","1","1"
"","ఫాక్స్ గ్లో డిజిటాలిస్ అనేది హృదయ సంబంధమైన జబ్బులకు చక్కని నివారిణిగా పనిచేస్తుంది. ఈ మొక్కల క్రింది భాగాలు ఈ మందు తయారీ చేయడానికి ఉపయోగపడతాయి","1","1"
"","ఈ క్రింద ఇవ్వబడిన వాటిని ఆంటీఫంగల్ డ్రగ్స్ గా వ్యవహరిస్తాము","1","1"
"","పురాతన కాలంలో రిఫ్రిజిరేటర్స్ రాకమునుపు, పాలు చెడిపోకుండా రోజుకు రెండు, మూడు సార్లు మరిగించే వారు. దీనికి కారణం","1","1"
"","క్షీరదాల పిండదశలలో వాటి దేహ ఉష్ణోగ్రతలను క్రమపరచునది","1","1"
"","జెరాఫ్తాల్మియా' కు కారణమైన తిండి పదార్థాల కొరత కారణము","1","1"
"","వాయు కాలుష్యం కారణం వలన ఊపిరితిత్తుల క్యాన్సర్ తో పోల్చితే ఈ వ్యాధితో చనిపోయే వారి సంఖ్య ఎక్కువ","1","1"
"","పిండోత్పత్తి దశలలో అంబులికల్ కార్డ్ దీని నుంచి ఉద్భవించుతుంది","1","1"
"","అతి పెద్దదైన మరియు విజయవంతంగా భూమి మీద వర్దిల్లుతున్న జీవరాశులు","1","1"
"","ఈ మందు ఎయిడ్స్ వైరస్ ను నియంత్రించుటలో ఫలితం సాధించింది","1","1"
"","ఈ క్రింది క్షీరదం తన శరీరం నుంచి దుర్వాసన భరితమైన, మంటలు, దురదలు కలిగించేవిగా ఉన్న శ్రావాలను తన రక్షణ ఆయుధాలుగా ఉపయోగించుకుంటాయి","1","1"
"","భారత దేశంలో అతి విశాలమైన వైల్డ్ లైఫ్ శ్యాంక్చురీ ఇచ్చట కలదు","1","1"
"","సర్ కేరియా అనునది ఒక ","1","1"
"","క్రింది సూక్ష్మ జీవనాశకాలను అదే సూక్ష్మ జీవ జాతి అయిన స్టెప్టోమైసిన్ జాతి నుండి తయారుచేస్తారు
1. ఆరోమైసీన్
2. నియామైసీన్
3. పాలీమిక్జిన్
4. స్టెప్టోమైసీన్
ఈ క్రింది వానిలో సరైనది ఏది?","1","1"
"","ఈ క్రింది మొక్కలను గుర్తించండి
1. మొక్కజొన్న
2. సోయాబీన్స్
3. చెరకు
4. గోధుమ
పై వాటిలో సి-4 మొక్కలు ఏవి?","1","1"
"","బాంబిక్స్ మోరి మంచి నాణ్యత గల సిల్క్ దారాలు వున్న కుకూన్. ఇది ఒక","1","1"
"","ప్లాస్మా కణాలు, అనేవి ఒకరకమైన యాంటీబాడీలు. ఇవి క్రింది వానిలో చాలా త్వరితంగా ఉత్పన్నం అవుతాయి","1","1"
"","స్లాత్స్, యాంట్ ఈటర్ మరియు ఆర్మాడిలోకస్ లను ఈ క్రింది సమూహంగా పేర్కొంటారు","1","1"
"","ఒక జీవి, తన చుట్టూ వున్నా సజీవులతోను, నిర్జీవుల కారకాలతోను పరస్పరం చర్య జరపడాన్ని ఈ క్రింది విధంగా పిలుస్తారు","1","1"
"","పైత్యరసం కు వున్నా అత్యంత శక్తివంతమైన క్రొవ్వు ఆమ్ల పదార్థ ఉత్పన్నాలను నీటి అణువులుగా మార్చే ప్రక్రియను ఈ క్రింది విధంగా మారుస్తుంది
1. కీటో ఆమ్లాలు
2. ప్రోస్టాగ్రాడినులు
3. స్టిరాయిడ్ లు
4. సోడియం లవణాలున్న టారో కోలిక్ ఆమ్లం మరియు గ్లైకోలిక్ ఆమ్లం 
పై వాటిలో సరైనది ఏది?","1","1"
"","ఎర్రబడిన కళ్ళు చిమచిమ మండే, గొంతు భాగాల లాంటి రుగ్మతలు ఈ క్రింది వాని ఫలితంగా కలుగవచ్చును","1","1"
"","మానవ దేహంలో క్రింది భాగాలు ఎక్కువ బరువును ఇస్తాయి","1","1"
"","ఇందులో కీటక సంబంధమైన ప్రధానంగా కార్బోహైడ్రేట్ రసాయనాలతో కూడిన హిమోలింప్ అనేది ఈ క్రింది రూపంలో వుంటుంది","1","1"
"","డిల్లీ వీధులలో తిరుగులాడే ఎద్దులు, శుష్కించి వున్నా ముష్క గోణులు కలిగి ఉండడానికి కారణం","1","1"
"","ఈ క్రింది జీవులు తమ దేహభాగాల్లో ఫ్లిప్పర్లను కలిగి ఉండవు","1","1"
"","ఈ క్రింది చేపలు సముద్రంలో ప్రయాణించే పడవల చెక్క కోయలకు అంటిపెట్టుకొని జీవిస్తాయి","1","1"
"","కొమ్మ కప్పలు అనగా
1. పొడిచర్మం మరియు కొమ్ములుకలిగిన ఆంఫీబియాలు
2. తలపై కొమ్ములు కలిగిన బల్లులు
3. ఓవియాపారస్
4. ఉష్ణ ఎడారి మరియు పొడి ఎడారులలో నివసించే జంతువులు","1","1"
"","సిలికోసిస్ అనేది ఒక","1","1"
"","ఈ క్రింది నిర్మాణాలు ఊపిరితిత్తులు అతిగా లోపలి ముడుచుకుపోవడాన్ని నివారించుతాయి","1","1"
"","ఈ క్రింది వృక్ష వ్యాధులను పరిశీలించండి
1. ఆపిల్ - పైర్ బ్లైట్ వ్యాధి
2. ఆలుగడ్డ - బ్లాక్ హార్ట్ వ్యాధి
3. కోకోనట్ - కాడాంగ్-కాడాంగ్ వ్యాధి
4. టండు వ్యాధి","1","1"
"","జాతీయ పులి జాతి సంరక్షణ అథారిటీ వారి లెక్కల ప్రకారం - జాతీయ వైల్డ్ లైఫ్ రిజర్వాయర్ లో బతికి వున్న పులుల సంఖ్య సుమారుగా","1","1"
"","సముద్రపు తాబేలు గ్రుడ్లు ఈ క్రింద పెడుతుంది","1","1"
"","సీరోవ్' అనేది","1","1"
"","ఈ క్రింద ఇవ్వబడిన జంతువులలో వైల్డ్ డాగ్ గా పరిగణించబడేది","1","1"
"","అత్యధిక సంఖ్యలలో లాబొరేటరీలలో H1N1 పాజిటివ్ గా రిపోర్టులు బయటపడ్డ దేశాలలో స్వైన్ ఫ్లూ త్వరగా నమోదయింది","1","1"
"","రీసస్ కోతులు ఈ క్రింది జాతీయ పార్కులలో కనిపించును","1","1"
"","ఈస్టు రైన్ మొసలి మరియు కోకోనట్ క్రాబ్ లు ఈ క్రింది వానికి చెందినవి","1","1"
"","క్రింది విషయాంశాలను పరిశీలించి, వాటిలో సత్యమైనవి గుర్తించండి","1","1"
"","డౌన్ సిండ్రోమ్' లు అనే మనుషులలో పుట్టుకతోనే వచ్చే జన్యు లక్షణం ఈ క్రింది కారణం వలన వస్తుంది","1","1"
"","క్రింద వానిలో ఏ మొక్కలు కిరణజన్య సంయోగ క్రియను జరుపలేవు
1. డాడ్డర్ లు
2. ఇండియన్ పైపులు
3. పిశ్చర్ మొక్కలు
4. సన్ డ్యూ","1","1"
"","విశ్వ జనిత గురుత్వాకర్ష సిద్ధాంతము'ను ప్రతిపాదించిన వారు","1","1"
"","సూర్యుని గురుత్వాకర్షణ బలంచే భూమిని ఆకర్షించే బలం","1","1"
"","ఒకవేళ సూర్యునికి, భూమికి వున్న దూరం రెట్టింపుగా వుంటే, భూమి మీద ప్రభావం చూపే గురుత్వాకర్షణ బలం అనేది","1","1"
"","ఒక వస్తువు యొక్క ద్రవ్యరాశి, దాని బరువుకు బేధమును చూపుతుంది. ఎందుకనగా","1","1"
"","ఒక వస్తువు బరువు","1","1"
"","ఒక వస్తువు యొక్క బరువు భూమధ్య రేఖ కంటే ధృవాల వద్ద కొద్దిగా అధికంగా ఉండుటకు కారణం","1","1"
"","ఈ క్రింది పరిస్థితిలో ఒక లిఫ్ట్ లో వ్యక్తి బరువు అధికంగా తూగుతాడు","1","1"
"","ఒక వేళ వస్తువును భూమిపై నుండి చంద్రుని పైకి తీసుకెళితే","1","1"
"","సమవేగంతో పరిభ్రమిస్తున్న చక్రఫళ్యానికి వున్నా దారానికి ఒక బంతిని కట్టగా అది కూడా అంతే వేగంతో వృత్తాకార మార్గంలో ప్రయాణిస్తుంది. ఒకవేళ చక్రపళ్ళెం అకస్మాత్తుగా ఆగిన ఈ స్థితిలో వేలాడుతున్న బంతికి వుండే కోణీయ వేగం","1","1"
"","కాంక్రీటు రోడ్డు మీద కంటే ఐస్ మీద నడవడం చాలా కష్టంగా వుంటుంది ఎందుకంటే","1","1"
"","రోడ్డును చదును చేసే రోలర్ ను తోయటం కంటే లాగడం తేలిక ఎందుకని","1","1"
"","నీటిలో పూర్తిగా నింపబడిన గ్లాస్ కింద వున్న పేపర్ షీట్ ను అకస్మాత్తుగా తొలగించినను గ్లాసులో నుంచి నీరు ఒలికిపోకపోవడం కారణం","1","1"
"","ఈ క్రింది రెండు గ్రహాలు పశ్చిమాన ఉదయిస్తాయి","1","1"
"","ఒక వస్తువు యొక్క వేగాన్ని రెండింతలు చేస్తే దాని","1","1"
"","భారీ ద్రవ్యరాశి కల్గిన, అల్ప ద్రవ్యరాశి కల్గిన రెండు వస్తువులపై ఒకే సమయంలో ఒకే పరిమాణంలో బలాన్ని ప్రయోగిస్తే అవి రెండు ఈ క్రింది వాత్తిని పొందుతాయి","1","1"
"","ఒక వ్యక్తి 20కేజీల బరువును క్షితిజ సమాంతరంగా వున్నా భూమిపై నుంచి ఒక మీటరు ఎత్తులో పట్టుకొనిన అతను చేసిన పని","1","1"
"","ఒక కదులుతున్న వస్తువు వేగం రెట్టింపు అయితే వాని యాంత్రిక శక్తి","1","1"
"","ఈ క్రింది గ్రహం పై ఎలాంటి వాతావరణ పరిస్థితులు కనిపించవు","1","1"
"","ఒక స్థిరమైన స్థానానికి వేలాడతీయబడిన దారానికి చిన్న బరువును కట్టి ముందుకు వెనకకు ఊపిన ఈ పరిస్థితుల్లో","1","1"
"","శక్తి నిత్యత్వ నియమం అనగా","1","1"
"","పర్వతాలను అధిరోహించే వ్యక్తి ముందుగా వంగుతాడు ఈ స్థితి కోసం","1","1"
"","జియో స్టేషనరీ శాటిలైట్ యొక్క పరిభ్రమణ కాలం","1","1"
"","ఒక ప్రయాణిస్తున్న అంతరిక్ష నౌక నుండి ఒక ఆపిల్ పడితే అది ","1","1"
"","సముద్రపు సాంద్రత ఈ క్రింది వాటితో పెరుగుతుంది","1","1"
"","ఒక నదిలో ప్రయాణిస్తున్న నౌక సముద్రానికి చేరిన వెంటనే","1","1"
"","పాదరసంపై ఉక్కుతో తయారు చేసిన బంతి తేలుతుంది ఎందుకనగా","1","1"
"","అత్యధిక ఎత్తులో ఎగురుతున్న విమానం అంతర భాగం","1","1"
"","వాతావరణ పీడనాన్ని ఈ క్రింది పరికరంతో కొలుస్తారు","1","1"
"","మనచుట్టూ వున్న వాతావరణం మాన శరీరంపైన పీడనాన్ని కలుగజేసినను, మనం ఎలాంటి భావోద్వేగం లోనవము ఎందుకని","1","1"
"","బారో మీటర్ లో నీటి కన్నా పాదరసాన్ని ఉపయోగిస్తారు ఎందుకని?","1","1"
"","ఒక వస్తువు ఈ క్రింది వాటిలో అధిక బరువును కలిగి ఉంటుంది","1","1"
"","1కేజీ ద్రవ్యరాశిగా గల వివిధ లోహాలతో తయారుచేసిన నాలుగు ఘనపు క్యూబ్ లను నీటిలో బరువు తూచిన ","1","1"
"","క్రింద బరువులను ఒక హైడ్రోజన్ బెలూన్ చాలా తేలిగ్గా తీసుకెళ్లగల్గుతుంది","1","1"
"","ఒక రాయిని లోతైన సరస్సులో వేసిన అది నీటి లోపలికి పోయే కొలది రాయిపై పనిచేసే అదః బాహ్య బలం","1","1"
"","వర్షం బిందువులు గుండ్రంగా కనిపించడానికి కారణం","1","1"
"","రెండు పాదరస బిందువులను కలుపగా ఒక పెద్ద బిందువుగా మారుతుంది, ఇలా ద్రవ పదార్థాలకు ఈ ధర్మం వుండటం వలన పై విధంగా ప్రవర్తిస్తాయి","1","1"
"","ఒక గాజు ప్లేటు మీద ఒక చుక్క నీటి బిందువును వేసిన అది ఒక తలంగా విస్తరిస్తుంది. అదే పాదరస బిందువును వేసిన దరిదాపుగా గోళాకృతిని కలిగి ఉంటుంది. దీనికి కారణం","1","1"
"","గాలిలో క్రికెట్ బంతి భ్రమణం చెందుతూ దొర్లుతుంది. దీనికి కారణం","1","1"
"","సూర్యుని చుట్టూ తిరిగే గ్రహాల సంఖ్య","1","1"
"","స్పెయర్ లలో ద్రవాలు గొట్టం నుంచి పైకి రావడానికి కారణం","1","1"
"","ఒక ఫుట్ బాల్ భూమిపైన పడిన వెంటనే గంతులు వేస్తూ పైకి లేస్తుంది. దీనికి కారణం","1","1"
"","అత్యల్ప ఉష్ణోగ్రతల వల్ల వైజ్ఞానిక విషయాలను అధ్యయనం చేసే శాస్త్ర పద్ధతిని ఈ క్రింది విధంగా పిలుస్తారు","1","1"
"","శీతల దేశాల్లో ఉపయోగించే థర్మామీటర్లలో పాదరసం కన్నా ఆల్కహాల్ ద్రవాన్ని తీసుకుంటారు, ఎందుకని?","1","1"
"","వృత్తాకార ఆకృతి రంధ్రం కలిగిన వృత్తాకార లోహపు దిమ్మెను వేడి చేసినట్లయితే ఆ రంధ్రంలోని వ్యాసార్థం ఈ క్రింది విధంగా మారుతుంది","1","1"
"","ఆక్రోనిమ్ విధానాన్ని ఉపయోగించకుండా మొట్టమొదటగా లేజర్ ను భౌతిక శాస్త్రంలో ప్రవేశపెట్టిన వారు","1","1"
"","ఒక బీకరులో వున్న నీటిలో ఐస్ ముక్క కరిగితే ఆ బీకరులోని నీటి మట్టం","1","1"
"","ఒకవేళ సరస్సు నీరు కూడా ఇతర ద్రవాల ధర్మాల వలె ఉన్నట్లైతే అతి శీతల వాతావరణ పరిస్థితిలో సరస్సులో ఈ క్రింది భాగాలు ఘనీభవిస్తాయి","1","1"
"","ఘనీభవించిన సరస్సులో చేపలు బ్రతకగలవు దీనికి కారణం","1","1"
"","ఈ క్రింద ఇవ్వబడిన ద్రవాలలో ఉత్తమ ఉష్ణవాహకమేది?","1","1"
"","చెక్క పిడీ, ఇనుప పిడీ అమర్చిన రెండు సుత్తులను ఎండలో ఉంచిన ఇనుప పిడీ వున్న సుత్తి చాలా వేడిగా ఉండుటకు కారణం","1","1"
"","థెర్మోస్టాట్ అనే పరికరం","1","1"
"","పైరేక్స్ తో చేసిన పాత్రలోకి అకస్మాత్తుగా వేడి నీటిని పోసిన పగలదు దీనికి కారణం","1","1"
"","శీతాకాలంలో ఊలు వస్త్రాలు మన శరీరానికి వేడిమిని కలిగిస్తాయి, ఎందుకు?","1","1"
"","ఒక రిఫ్రిజిరేటర్ లోని ఫ్రీజర్ ను పైనున్న భాగాలలో అమరుస్తారు. ఎందుకని?","1","1"
"","విద్యుత్ బల్బులో ఫిలమెంట్ నుంచి ఉష్ణ ప్రసారం బల్బు గాజుకు ఈ క్రింది విధానంలో చేరుకుంటుంది","1","1"
"","వివిధ రకాల రంగుల పూత కలిగిన కాఫీ పాత్రలలో, వేడి కాఫీ అన్ని పాత్రలలో ఒకేసారి పోసిన కొద్దిసేపటికి, ఈ క్రింది రంగు పూత గల పాత్రలలో కాఫీ చల్లబడటం గమనిస్తాము","1","1"
"","వేసవి కాలంలో సాధారణంగా లేతరంగు దుస్తులను ధరించడానికి కారణం","1","1"
"","మరుగుతున్న టీ కప్పును ఒక లోహపు టేబుల్ పైన ఉంచిన అది ఈ క్రింది విధానంలో ఉష్ణోగ్రతను కోల్పోతుంది","1","1"
"","థెర్మోఫ్లాస్క్ లో చల్లని లేదా వేడి ద్రవాలు చాలా సేపటివరకు అలాగే ఉండును. కారణం","1","1"
"","భాష్పీభవన రేటు అనేది ఈ క్రింది వాటిపై ఆధారపడి ఉంటుంది","1","1"
"","అరచేతిలో 'ఈథర్' ద్రావణం పోసిన చల్లగా ఉండుటకు కారణం","1","1"
"","ఈ క్రింది విషయాన్ని పరిశీలించండి
1. DTH (డైరెక్ట్ టు హోమ్) సిస్టం లు వినియోగదారుల వద్ద వుండే ఆంటీనా నేరుగా శాటిలైట్ నుంచి సిగ్నల్స్ ను పొందగలడు
2. కేబుల్ నిర్వాహకులు తమ వద్దనున్న ఒక పెద్ద కమ్యూనిటీ డిస్క్ ఆంటీనా శాటిలైట్ నుంచి సిగ్నల్స్ పొంది తదుపరి వాటిని వినియోగదారులకు చేరవేయుదురు
పై వాటిలో సరైనవి ఏవి?","1","1"
"","వేసవి కాలంలో మనము ఫ్యాన్ కింద సౌకర్యం గా ఉంటాం కారణం","1","1"
"","ఉక్కపోత ఈ పరిస్థితుల్లో అధికంగా ఉంటుంది","1","1"
"","శరీరంపై మరుగుతున్న నీరు పడడం కన్నా వేడి నీటి ఆవిరి వలన ఎక్కువ బొబ్బలు వస్తాయి కారణం","1","1"
"","ఒక వ్యక్తి సముద్రం నీటిలోకి ప్రవేశించగానే చల్లదనంను పొందుతాడు ఎందుకు?","1","1"
"","ఎండాకాలంలో కూడా గుంటల నీటి ఉపరితలం చల్లగానే వుంటుంది. కారణం","1","1"
"","వాతావరణం కలిగి యుండే నీటి ఆవిరి పరిమాణం ఈ క్రింది వానిపై ఆధారపడి యుంటుంది","1","1"
"","హైగ్రోమీటర్ దీన్ని కొలవడానికి ఉపయోగించుతారు","1","1"
"","నీటి మరుగు స్థానము","1","1"
"","ప్రెషర్ కుక్కర్లో ఆహార పదార్థాలు చాలా తేలికగానూ, తొందరగానూ ఉడుకుటకు కారణం?","1","1"
"","మనం సాధారణంగా శక్తిని ఈ క్రింది వాటి నుండి ప్రత్యక్షంగా గ్రహించుతాము","1","1"
"","కాంతి కిరణాలు, ధ్వని తరంగాలతో ఈ క్రింది విధముగా విభేదాన్ని చూపుతాయి","1","1"
"","ఈ క్రింది విద్యుత్ అయస్కాంత తరంగాలలో పొడవైన తరంగ దైర్ఘ్యాలుగా గలవి","1","1"
"","ఈ వాతావరణంలోని ఏ పొరనుండి రేడియో తరంగాలు తిరిగి భూమికి పరావర్తనం చెందుతాయి","1","1"
"","రాడార్ అనేది ఈ క్రింది విధంగా ఉపయోగపడుతుంది","1","1"
"","గ్రహాలు అనేవి","1","1"
"","ఈ పరిస్థితులలో చంద్రగ్రహణం ఏర్పడుతుంది","1","1"
"","ఒక వస్తువు యొక్క ప్రతిబింబము, సమతల దర్పణంలో ఈ విధంగా ఏర్పడగలదు","1","1"
"","ఒక వ్యక్తి తన పూర్తి ప్రతిబింబాన్ని పూర్తిగా చూసుకునేందుకు కావలసిన సమతల దర్పణం ఎత్తు కనీసపు పొడవు ఈ క్రిందిగా ఉండాలి","1","1"
"","ఒక గదిలో నీవు నిలుచుంటే, నీ వైపు నుంచి ప్రక్కన వున్న గోడలకు నిలువుగా సాధారణ దర్పణాలు అమరి ఉన్నట్లయితే, మొత్తంగా నీ ప్రతిబింబాలు సంఖ్య","1","1"
"","వస్తువు యొక్క నిజ ప్రతిబింబాన్ని ఏర్పరిచేందుకు ఈ క్రింది దర్పణాన్ని వాడుతారు","1","1"
"","ఈ క్రింది దర్పణాలను నిప్పు పుట్టించేందుకు వాడుతారు","1","1"
"","దంతవైద్యుడు ఉపయోగించే అద్దం","1","1"
"","వాహన చోదకుడు వెనుక నుండి వచ్చే వాహనాలను గమనించడానికి ఈ కటకము అవసరము","1","1"
"","కారుయొక్క ముందు యున్న లైట్లు ఈ రకమైన అద్దములతో అమరి ఉంటుంది","1","1"
"","ఒక పెన్సిల్ ను ఏటవాలుగా పాక్షికముగా నీటిలో ముంచిన, నీటిలో మునిగిన పెన్సిల్ భాగము ఈ క్రింది విధముగా కనిపించుతుంది","1","1"
"","క్షితిజసమాంతముగా సూర్యాస్తమయానికి కాస్త ముందుగానే అలాగే ప్రకాశవంతంగా వుంటుంది. దీనికి కారణం","1","1"
"","సూర్యుడు మరియు చంద్రుడు క్షితిజ సమాంతరంగా దగ్గరగా దీర్ఘవృత్తాకారంగా కనిపించడానికి కారణం","1","1"
"","నక్షత్రాలు ప్రకాశించటాన్ని మనం కొద్దిగా గమనించగలము ఎందుకనగా","1","1"
"","గ్రహాలు నక్షత్రాల వలె ప్రకాశవంతంగా స్వయం ప్రకాశించలేవు. కారణము","1","1"
"","వర్షపు జల్లుల తరువాత ఇంద్రధనస్సు ఈ విధముగా కనిపించబడుతుంది","1","1"
"","ఒక గాజు గ్లాస్ గుండా తెల్లపు వర్ణకాంతిని పంపిన, అది వివిధ రకాల కాంతి పంజపు వర్ణములను వెదజల్లుతుంది","1","1"
"","ఈ క్రింది వానిలో ప్రాథమిక రంగులు","1","1"
"","ఈ క్రింది వానిలో మూడు ప్రాథమిక రంగులు","1","1"
"","మానవుని కన్ను 'రెటినాను' కెమెరాలో ఏ భాగంతో పోల్చవచ్చును","1","1"
"","ఒక వ్యక్తి ఒక్కసారిగా పగటి వెలుగు ప్రదేశము నుండి చీకటి ప్రదేశములో ప్రవేశించిన, కొద్ది సమయం సరియైన క్రమంలో చూడలేకపోతాడు. ఎందుకనగా","1","1"
"","వయసు పైబడిన వారు చదవటానికీ, వ్రాయటానికీ కాళ్ళ జోళ్ళను ఉపయోగిస్తారు, ఎందుకని?","1","1"
"","ఆకాశం చూడటానికి నీలిరంగులో వుంటుంది, దీనికి కారణం?","1","1"
"","ఆస్ట్రోనాట్ కు బాహ్య అంతరిక్షం ఈ విధముగా కనబడుతుంది","1","1"
"","ఈ క్రింది సాంకేతిక విధానము ద్వారా త్రిమితీయ దృశ్యాలు/ వస్తువుల ఉత్పత్తిని, శబ్ద రికార్డులు చేయగలిగితే, ఈ విచ్చితిని ఇలా అందురు","1","1"
"","ఒక తరంగం ఒక స్థానం నుండి మరొక స్థానంకు బదిలీ, ఈ భౌతిక రాశి ద్వారా అవుతుంది","1","1"
"","ఒక శబ్దం యొక్క తీవ్రత ను నిర్ణయించటం క్రింది వాటిపై ఆధారపడుతుంది","1","1"
"","ఒక స్త్రీ యొక్క మాట పురుషుని యొక్క మాటకంటే కీచుగా ఉండటానికి కారణం","1","1"
"","ఒక శబ్ద తీవ్రత గరిష్ట విలువలను ఈ క్రింది భౌతిక కణాలు నిర్ణయిస్తాయి","1","1"
"","శబ్ద తరంగాలు ఈ మాధ్యమంలో అధిక వేగాన్ని చూపించుతాయి","1","1"
"","శబ్ద తరంగాలు ఈ మాధ్యమంలో ప్రయాణం చేయలేవు","1","1"
"","ఉరుము శబ్దం కంటే మెరుపు కాంతి తొందరగా కనిపిస్తుంది, దీనికి కారణం","1","1"
"","ప్రతిధ్వనుల ఉత్పత్తికి కారణం","1","1"
"","స్పష్టంగా వేరుపరిచే ప్రతిధ్వనిని వినుటకు, ధ్వని జనకము నుండి ప్రతిధ్వని ఉపరితలం కనీసం ఎంత దూరం ఉండాలి","1","1"
"","గబ్బిలం కారు చీకటిలో కూడా ఎగురగలదు ఎందుకనగా...","1","1"
"","సముద్రపు లోతును కొలవడానికి ఈ పరికరాన్ని ఉపయోగిస్తారు","1","1"
"","ఒక బారు అయస్కాంతాన్ని మధ్యలో దారాన్ని కట్టి వేలాడదీస్తే అది భూమి యొక్క ఉత్తర దృవంవైపు అలానే ఉండిపోతుండు. కారణం?","1","1"
"","విద్యుత్ సర్క్యూట్ లో కెపాసిటర్ ను వినియోగించటానికి కారణం","1","1"
"","క్రింది వానిలో ఏది అర్థవాహకము","1","1"
"","కంప్యూటర్ లలో వినియోగించే ""I.C"" చిప్స్ క్రింది లోహంతో తయారగును","1","1"
"","""విద్యుదయస్కాంతం"" తయారీకి క్రింది పదార్ధం అనువైనది","1","1"
"","ఈ క్రింది వానిలో ఏవి పనిచేస్తున్నప్పుడు విద్యుత్ వాటి అయస్కాంత ప్రభావాలకు లోనుకాదు","1","1"
"","ఈ క్రింది పదార్థాలు మెత్తని ఎనుముకు ఆకర్షణ బలాన్ని సమకూర్చేవి","1","1"
"","చాలా విద్యుత్ పరికరాల్లో ""నిక్రోమ్"" తీగను వేడి సాధనంగా ఉపయోగిస్తారు","1","1"
"","ఈ క్రింది వాటిలో ఏది విద్యుత్ శక్తిని యాంత్రిక శక్తిగా మార్చుతుంది","1","1"
"","మైక్రోఫోన్ లో శక్తి మార్పిడి ఈ క్రింది విధంగా జరుగును","1","1"
"","ఈ క్రింది విద్యుత్ పరికరం యాంత్రిక శక్తిని విద్యుత్ శక్తిగా మార్చుతుంది","1","1"
"","ట్రాన్స్ ఫార్మర్ ఈ క్రింది విధంగా ఉపయోగపడ్తుంది","1","1"
"","సాధారణంగా ఇళ్ళలో 220v A.C విద్యుత్ ను ఉపయోగిస్తున్నాము. ఈ  220v విలువ అనేది","1","1"
"","ఒక విద్యుత్ సర్క్యూట్ లో ఫ్యూజును వీటికి అనుసంధానం చేస్తారు","1","1"
"","ఒక విద్యుత్ సర్క్యూట్ లో ఫ్యూజు ఈ క్రింది విధంగా పనిచేస్తుంది","1","1"
"","ఒకవేళ ఫ్యూజు మాటిమాటికీ ఎగిరిపోతే ప్రత్యామ్నాయంగా...","1","1"
"","విద్యుత్ ఫ్యూజులో వాడబడే పదార్థము క్రింది ధర్మాన్ని కలిగి ఉండాలి","1","1"
"","ఒకటి కంటే ఎక్కువ విద్యుత్ పరికరాలను ఒకే పవర్ సాకెట్ లో అనుసంధానం చేయరాదు, ఎందుకు?","1","1"
"","ఒక విద్యుత్ పరికరాన్ని భూమితో త్వరణం చెందించుటకు కారణం","1","1"
"","విద్యుత్ బల్బులోని ఫిలమెంట్ క్రింది లోహంలో తయారు చేస్తారు","1","1"
"","సాధారణంగా విద్యుత్ బల్బులో ఫిలమెంట్ వేడిని, కాంతిని వెదజల్లుతుంది, కాని విద్యుత్ తీగలో ఉన్న లెడ్ కొంత వేడిమిని మాత్రమె పంపడానికి గల కారణం","1","1"
"","విద్యుత్ బల్బులో గాలిని సంపూర్తిగా తీసివేయడం ఈ క్రింది వాటిని నివారించుటకు","1","1"
"","ఈ క్రింది పరిశ్రమల్లో దేనిలో మైకాను ఒక ముడి పదార్థంగా ఉపయోగిస్తారు?","1","1"
"","ఒక పరమాణువు యొక్క కేంద్రకంలో ఇవి ఉంటాయి","1","1"
"","రెండు ప్రోటాన్ ల మధ్య దనావేశ కణాల బలం","1","1"
"","యురేనియం-235 కేంద్రకంలో ఇవి కలవు","1","1"
"","ఒక భారమైన కేంద్రకం యాదృచ్చికంగా విఘటనం చెందు దృగ్విషయాన్ని ఈ విధంగా పిలుస్తారు","1","1"
"","రేడియోదార్మికతను ఈ క్రింది వానిలో ఉపయోగిస్తారు","1","1"
"","రేడియో ఐసోటోపులు అనేవి","1","1"
"","రేడియో కార్బన్ డేటింగ్ విధానంతో వీటి వయస్సును నిర్దారించవచ్చు","1","1"
"","భూమి యొక్క వయసును ఈ క్రింది విధంగా నిర్ణయించవచ్చు","1","1"
"","సిక పరిమాణంలో పెద్దగా ఉన్న కేంద్రకం ఒకేసారిగా రెండు సమాన భాగాలు గల కేంద్రకాలుగా విడిపోతూ శక్తిని ఉత్పత్తి చేసే విధానాన్ని ఈ విధంగా పిలుస్తారు","1","1"
"","కేంద్రక సంళీణ చర్యలు క్రింది వానిలో ఎక్కువగా జరుగుతాయి","1","1"
"","""యురేనియం సమృద్ధి"" అనగా ఈ రకమైన యురేనియం ఐసోటోప్  అధికంగా కలిగినది","1","1"
"","ఒక న్యూక్లియర్ రియాక్టర్ లో మితకారి ఈ క్రింది ఉపయోగాన్ని సూచిస్తుంది","1","1"
"","ఒక బ్రీడర్ రియాక్టర్ లో ఈ క్రింది రకమైన చర్యలను గమనించవచ్చు","1","1"
"","ఆటమ్ బాంబు విచ్చిన్నంలో విడుదలయ్యే అనూహ్యమైన శక్తికి మూలకారణం","1","1"
"","ఈ క్రింది చర్యల వలన సూర్యునిలో శక్తి ఉత్పత్తి అవుతుంది","1","1"
"","సూర్యునిలో అనూహ్యమైన శక్తి జననానికి కారణం","1","1"
"","ఈ క్రింది దృగ్విషయాలలో ఐన్ స్టీన్ పరిశోధనాత్మక అంశం ఏది?","1","1"
"","ఆస్ట్రానామికల్ యూనిట్ అనేది ఈ క్రింది సమీకరణంలో కొలవబడుతుంది","1","1"
"","ఒక ఆస్ట్రోనామికల్ యూనిట్ అనేది","1","1"
"","సూర్య వ్యవస్థకు చెందిన పాలపుంతను ఈ విధంగా అంటారు","1","1"
"","రాత్రి సమయంలో నక్షత్రాల పుంజం వేరు వేరు సమయంలో వాటి స్థానాలను మార్చుతున్నట్లుగా అనిపిస్తుంది కారణం","1","1"
"","సూర్యుని మినహాయించి భూమికి అతి దగ్గరలో వున్న నక్షత్రం","1","1"
"","ధ్రువ నక్షత్రం సాధారణంగా గమనంలో లేని స్థితిగా కనిపించుతుంది కారణం?","1","1"
"","ఈ క్రింద ఉదహరింబడినవి సూర్యుని వ్యవస్థకు సమబంధించినవి కావు","1","1"
"","ఈ గ్రహం చుట్టూ నిర్దిష్టమైన వలయాలు ఉంటాయి","1","1"
"","రెడ్ ప్లానెట్ గా పిలవబడే గ్రహం","1","1"
"","సూర్యునికి దగ్గరగా ఉన్న గ్రహం","1","1"
"","అంతర గ్రహాలలో అతి పెద్దదైన గ్రహం ఏది?","1","1"
"","సూర్యునికి దూరంగా వున్న గ్రహం ఏది?","1","1"
"","ఈ క్రింది గ్రహం అత్యధిక సంఖ్యలో ఉపగ్రహాన్ని కలిగి ఉంది","1","1"
"","తోకచుక్కలోని తోక ఎప్పుడు సూర్యునికి వ్యతిరేఖ దిశలో చూపించుటకు కారణం","1","1"
"","ఒక కృత్రిమ శాటిలైట్ లో విద్యుత్ శక్తి ఉత్పత్తికి ఈ క్రిందివి తోడ్పడతాయి","1","1"
"","బూటు అడుగుభాగంలో ఉపయోగించే సోల్ ఈ క్రింది బలాన్ని పెంచుతుంది","1","1"
"","రైలు పట్టాల కింద చెక్క కోయ స్లీపర్ లు అమర్చడానికి కారణం","1","1"
"","నీటిలో సగం మునిగిన వస్తువుల స్థానాన్ని ఈ క్రింది పరికరంతో కనుగొనవచ్చును","1","1"
"","కృత్రిమ ఉపగ్రహం యొక్క మార్గాన్ని సునిశితంగా భూమిపై నుండి ఈ క్రింది ఫలితంగా కనుగొనవచ్చును","1","1"
"","ఒక కారు భూమి మీద గంటకు 60కి.మీ వేగంతో ప్రయాణం చేస్తుంది, ఫలితంగా ఏర్పడిన బలం కారు విషయంలో","1","1"
"","సూర్యుడు ఒక","1","1"
"","నక్షత్రాలు మనకు తూర్పు నుండి పశ్చిమానికి ప్రయాణం చేసినట్లు కనిపిస్తాయి, ఎందుకనగా","1","1"
"","ఒక రాత్రిలో మనం సుమారుగా ఈ సంఖ్యా గల నక్షత్రాలను చూడగలము","1","1"
"","ధ్రువ నక్షత్రం నక్షత్రాల పుంజంలోని ఒక భాగం","1","1"
"","నెప్ట్యూన్ గ్రహానికి గల ఉపగ్రహాల సంఖ్య","1","1"
"","ఈ క్రింది గ్రహాలలో వాని భ్రమణ కాలం పరిభ్రమణ కాలానికి సమానం","1","1"
"","కృత్రిమ శాటిలైట్ లు ఈ క్రింది విధంగా ఉపయోగపడతాయి","1","1"
"","ఒక వ్యక్తి యొక్క బరువు శూన్యం ఈ క్రింది పరిస్థితిలో అవుతుంది","1","1"
"","పర్వతాల్లో ఉన్న ప్రయాణపుదారులు చాలా తేలికగా ఎత్తులో ఉండక విశాలవంతం అవుతుంటాయి కారణం","1","1"
"","ఈ క్రింది లోహాలు వాటి సాంద్రత క్రమాన్ని పెరిగే విధానంలో తెలపండి
1. ప్లాటినం
2. బంగారం
3. రాగి
4. లెడ్","1","1"
"","సూర్యుని నుంచి భూమి మరియు చంద్రుడు ఒకే దూరంలో ప్రయాణిస్తున్నాయి. అయినను సరాసరిగా భూమి చంద్రుని కంటే ఎక్కువ వేడిమిని చూపడానికి కారణం","1","1"
"","శబ్ద ఉత్పత్తిలో డాప్లర్ ఫలితం వర్తించనిది","1","1"
"","ఏ గ్రహంలోని పర్వతాలలో నీరు ప్రయాణిస్తుందని ఇటీవలే కనుగొన్నారు","1","1"
"","ఈ క్రింది గ్రహాలకు సంబంధించిన ఉపగ్రహాలలో పెద్దవి","1","1"
"","బారీ యంత్రాలలో కందెనగా క్రింది పదార్ధం ఉపయోగిస్తారు","1","1"
"","ఆటో మొబైల్స్ హైడ్రాలిక్ బ్రేకుల పనితనం ఈ క్రింది సూత్రం మీద ఆధారంగా పనిచేస్తాయి","1","1"
"","ఒక బెలూన్ ను హైడ్రోజన్ వాయువుతో నింపిన","1","1"
"","బారో మీటరు అనేది ఈ క్రింది వానిని కొలవడానికి ఉపయోగిస్తారు
1. వాతావరణ పీడనం
2. ఎత్తును నిర్ణయించుటకు
3. ద్రవాల సాంద్రత
4. వాతావరణ స్థితిని","1","1"
"","ఎక్స్-రే కిరణాలు అనేవి వాస్తవంగా","1","1"
"","ధ్వని వేగానికి సంబంధించిన ఈ సమాచారంలో అసత్యం ఏది?","1","1"
"","పెరిస్కోప్ పనిచేయు విధానంలో ఈ కాంతి దృగ్విషయం గోచరిస్తుంది
1. పరావర్తనం
2. విచ్చిన్నం
3. వివర్తనం
4. వ్యతికిరణం","1","1"
"","వైద్య విధానంలో వ్యాధి గ్రస్తుని యొక్క జీర్ణకోశ సంబంధమైన, ఆహార వాహికను పరీక్షించడానికి ఉపయోగపడే ఎండోస్కోపీ ఈ సూత్రం మీద పనిచేస్తుంది","1","1"
"","ఈ క్రింది లోహాలలో ఏవి అర్థ వాహకాలు
1. సిలికాన్
2. సిరామిక్
3. జర్మేనియం
4. క్వార్జ్
పైవాటిలో సరైనవి?","1","1"
"","ఒక ఎలక్ట్రిక్ బల్బులో అతి తక్కువ పీడనాల వద్ద నైట్రోజన్ వాయువులను లేదా ఆర్గాన్ వాయువులను నింపడం వల్ల","1","1"
"","గ్రహణ స్థితిలో వున్నా క్రీసెంట్ దశలో వున్నా చంద్రుని ముదురు వలయాకారపు కాంతి కిరణ పుంజాలు కనబడతాయి. దీనికి కారణం","1","1"
"","ఈ క్రింది వానిలో రాత్రి సమయంలో ఆకాశంలో ప్రకాశవంతంగా కనిపించేది","1","1"
"","భూమి యొక్క ద్రవ్యరాశి, పరిమాణం, సాంద్రతతో దరిదాపుగా సమానంగా ఉండగలిగే ఈ క్రింది గ్రహాన్ని ఎన్నుకొనుము","1","1"
"","ఎక్లిప్టిక్ అనే పదం దీనికి ఉపయోగిస్తారు","1","1"
"","క్రింద పేర్కొన్న గ్రహానికి భ్రమణ కాలానికి పరిభ్రమణ కాలానికి దరిదాపుగా సమానముగా వుంటుంది","1","1"
"","ఒక ఫోటో గ్రాఫిక్ కెమెరాలో వున్నా కటక రంధ్రమును ఈ క్రింద పేర్కొనబడిన మానవ కన్నులోని భాగం ఒకే విధిని నిర్వర్తిస్తాయి","1","1"
"","ఫోటో గ్రాఫిక్ కెమెరాలో సూచించబడే F నెంబర్ అనేది దీనికి సంబంధించినది","1","1"
"","ఒక ఫోటో ఎలక్ట్రిక్ ప్లేట్ లో ఈ విధమైన మార్పు గోచరించును","1","1"
"","హబుల్ స్పేస్ టెలిస్కోప్ విశ్వం యొక్క వయస్సును ఈ విధంగా నిర్ధారించింది","1","1"
"","B1 బంతిని క్షితిజ సమాంతరంగానూ, అదే ఎత్తు నుంచి ఆ సమయంలో పేర్కొన్న B2 బంతిని క్షితిజ లంబంగా వదిలివేసిన అవి ఈ విధంగా భూమిని చేరును","1","1"
"","న్యూటన్ మూడవ గమన సూత్రం ప్రకారం చర్యా, ప్రతి చర్య బలాలు
1. ఈ రెండు బలాలు వేరు వేరు వ్యవస్థల మీద పనిచేస్తాయి
2. ఈ రెండు బలాలు ఒకే వేరు వ్యవస్థల మీద పనిచేస్తాయి
3. ఈ రెండు బాలాలు ఎప్పుడు సమానం కావు
4. ఈ రెండు బాలాలు ఎప్పుడూ సమానం
పై వాటిలో సరైనది ఏది?","1","1"
"","ఒక అంతరిక్ష నౌక, పై ఆర్బిట్ నుండి కింది ఆర్బిట్ కు ప్రయాణించినపుడు దాని వేగంలో","1","1"
"","అంతరిక్షంలో అంతరిక్ష యాత్రికుడు తన గమనంలో ఎలాంటి మార్పు చూడవచ్చు","1","1"
"","అంతరిక్ష యాత్రికుడు, న్యూటన్ ఏ గమన సూత్రం ప్రకారం కదులుతాడు","1","1"
"","భౌతిక శాస్త్రవేత్త కెప్లర్, గ్రహాలు ఈ స్థితిలో ప్రయాణిస్తాయని కనుగొన్నాడు","1","1"
"","నీరు గడ్డకడితే దాని యొక్క ఉష్ణం","1","1"
"","ఈ క్రింది ఉద్దీపనలకు కంటిలోని ప్యూపిల్ స్వయంగా నియంత్రణలోకి వస్తుంది","1","1"
"","కాంతి తరంగాల వ్యాకోచంతో రేడియో తరంగాల వ్యాకోచత్వాన్ని పోల్చితే రేడియో తరంగాల వ్యాకోచం","1","1"
"","వర్ణము అనేది దీనికి సంబంధించినది","1","1"
"","లేజర్ కిరణ పుంజ్యాలు చేసే అనువర్తనాలు ఈ క్రింద ఇవ్వబడ్డాయి
1. హాలో గ్రాఫీ
2. మెడికల్ సోనో గ్రఫి
3. శస్త్ర చికిత్స
4. థర్మోన్యూక్లియర్ చర్యలు అదుపులో ఉంచుటకు
పై వానిలో సరైనవి ఏవి?","1","1"
"","ఆల్ట్రాసోనిక్స్ అనేవి ఈ క్రింది వాటిలో ఉపయోగపడతాయి","1","1"
"","ఒక శబ్ద తరంగ పౌనఃపున్యాలు వీటికి సంబంధించినవి","1","1"
"","ఎలక్ట్రాన్ మైక్రోస్కోప్ ను ఉపయోగించి క్రింది దృష్యాలను చూడవచ్చు","1","1"
"","యురేనియం-235 రేడియో ధార్మిక మూలకం ఈ క్రింది వానిని గ్రహించిన తర్వాత విచ్చితి చర్యలు జరుపును","1","1"
"","హైడ్రోజన్ బాంబు అనేది ఈ క్రింది సూత్రం ద్వారా పనిచేస్తుంది","1","1"
"","పాజిట్రాన్ అనేది ఒక ప్రాథమిక కణం ఇది
1. ఒక ఎలక్ట్రాన్ తో సమానమైన భారం కలిగినది
2. సమానమైన విద్యుత్ ఆవేశం కాని ఎలక్ట్రానిక్ వ్యతిరేకి
3. ప్రోటాన్ తో సమానం
4. ప్రోటాన్ ద్రవ్యరాశికి సమానం 
పై వాటిలో సరైన క్రమం","1","1"
"","రేడియో ధార్మికత అనేది ఈ క్రింది వాని ధర్మం","1","1"
"","అల్ట్రా వైలేట్ తరంగాల సూచికలు ఈ క్రింది వానిలో ఉపయోగపడతాయి","1","1"
"","వేడి సూప్ పైన వెన్న చుక్కలు చుక్కలుగా పైకి తేలియాడుతుంది, అది చల్లారిన తర్వాత వెన్న లోపటి పొరల్లో వ్యాపిస్తుంది, దీనికి కారణం","1","1"
"","చంద్ర మండలంపై ఆస్ట్రోనాట్ స్ట్రాను ఉపయోగించి నారింజ రసాన్ని తాగలేరు ఎందుకనగా","1","1"
"","టి.వి లకు ఉపయోగించే రిమోట్ లు ఈ క్రింది వానిని కలిగి ఉంటాయి","1","1"
"","ఒక తాడు చివర రాయిని కట్టి వృత్తాకార మార్గంలో తిప్పుచున్న క్రమంలో ఒకవేళ తాడు పొడవును మరియు రాయి వేగాన్ని రెండింతలు చేస్తే తాడులోని తలతన్యత బలం ఈ క్రింది విధంగా ఉండవచ్చు","1","1"
"","ఈ క్రింది వానిలో ప్రాథమిక భౌతిక రాశి కానిది","1","1"
"","కలర్ టీవీ తెరపై కనిపించే వివిధ రంగులకు ఇవి మూలాలు","1","1"
"","డైనమో అనేది విద్యుత్ ను జనింపజేసే యంత్రము వాస్తవంగా ఇది ఒక ","1","1"
"","750 వాట్లలో వున్నా విద్యుత్ ఇస్త్రీ పెట్టెను 220 వోల్టేజ్ వద్ద ఉపయోగించినపుడు ఆంపియర్ లలో ఈ విధమైన పరిమాణంలో కరెంట్ వస్తుంది","1","1"
"","క్రింది వానిలో కణము-ప్రతికణము జంట","1","1"
"","పరమాణువులో కేంద్రకం స్థిరత్వాన్ని కలిగి ఉంటుంది, దీనిలో ప్రోటాన్ ల మధ్య స్థిర విద్యుత్ ఆకర్షణలు","1","1"
"","కాంతి కిరణ పుంజాలు సరైన బుజు మార్గంలో ప్రయాణించక పోవడాన్ని ఈ దృగ్విషయం తెలియపరుస్తుంది","1","1"
"","కంప్యూటర్ యంత్ర బాషలో సమాచారం మొత్తం రెండు ప్రాథమిక గుర్తులయిన 1, 0 చే సూచించబడతాయి. ఈ గుర్తులను క్రింది విధంగా పిలుస్తారు","1","1"
"","ఒక బైట్ ఈ క్రింది వానికి సమానము","1","1"
"","1 KB మరియు 1 MB లు వరుసగా వీటికి సమానం","1","1"
"","ఒక 100 మీటర్ల పొడవున్న రైలు గంటకు 90 కి.మీ వేగంతో ప్రయాణిస్తుంది. అదే దిశలో వేరొక ట్రాక్ లో మరొక రైలు గంటకు 126 కి.మీ వేగంతో పోవుచు, మొదటి రైలును 30 సెకన్ల కాలమ్లో దాటింది. ఈ రైలు యొక్క పొడవును కనుగొనుము","1","1"
"","ఒక నీటి తొట్టిలో దాని చివర అంచు వరకు నీతని పోసి దానిలో ఐస్ ముక్కలు వేసినచో నీటిలో ఆ ఐస్ ముక్కలు తెలియాడును. ఈ స్థితిలో వున్నా ఐస్ ముక్కలు క్రమంగా కరుగుచున్నప్పుడు ఈ మార్పులు జరుగుతాయి","1","1"
"","వాషింగ్ మిషన్ పనిచేసే సూత్రం","1","1"
"","ఈ క్రింది భౌతిక రాశులలో సదిశ రాశికానిది","1","1"
"","ఈ క్రింద వివరింపబడిన దృగ్విషయాలలో తలతన్యతా బలంకు కారణం కానిది","1","1"
"","ఈ క్రింది విషయాన్ని పరిశీలించండి
1. ఒక వ్యక్తి ఒక నాణాన్ని బకెట్ లోని నీటిలో చూసినట్లయితే ఆ నాణం దగ్గరగా కనిపిస్తుంది
2. ఒక వ్యక్తి నీటి ఉపరితలంపై నుంచి అడుగున ఉన్న నాణాన్ని చూసినట్లయితే ఆ నాణెం వాస్తవంగా ఉన్నదానికంటే ఇంకా ఎత్తులో ఉన్నట్లుగా కనిపిస్తుంది
పై వాటిలో సరైన దానిని గుర్తించండి","1","1"
"","ఎండోస్కోపీ అనేది దేహంలోని అంతర భాగాలను లేదా ఆహార వాహికలోని భాగాలను ప్రదర్శించగలిగే సామర్థ్యం ఉన్న పరికరం. ఇది క్రింది భౌతిక సూత్రంపై పని చేస్తుంది","1","1"
"","అత్యల్ప ఉష్ణోగ్రతల వినియోగం ఈ క్రింది అనువర్తనాలలో గమనించగలము","1","1"
"","ఈ క్రింద పేర్కొన్న శాస్త్రవేత్తల్లో ఎవరు మొదటి సారిగా వాయు, దుమ్ముకణాల నుండి భూమి పుట్టుక సిద్దాంతాన్ని ప్రతిపాదించాడు","1","1"
"","సాధారణ ఉప్పు ఏ పద్ధతి ద్వారా సముద్రం నుండి లభించును","1","1"
"","ముడి ఇంధనం నుండి గ్యాసోలిన్ ఏ ప్రక్రియ ద్వారా లభిస్తుంది","1","1"
"","బారజలాన్ని విద్యుత్ కెటిల్ తో వేడి చేసినప్పుడు ఏర్పడే తెల్లని స్కేలులో కలిగి ఉండేది","1","1"
"","ఉతికే సోడ ఒక  ","1","1"
"","కార్బోరండమ్ దేని సమ్మేళనం","1","1"
"","కఠిన జలము సబ్బుతో నురగనివ్వదు ఎందుకనగా","1","1"
"","బండరాళ్ల నుంచి ప్రవహించడం వలన నీరు కఠినంగా మారును, ఎందుకంటే దీనిలో ఇవి కరిగి ఉండటం వలన","1","1"
"","ఒక మూలకము నుండి మరొక మూలకముగా మారే పద్దతిని ఏమంటారు?","1","1"
"","వంట సోడాని రసాయనికంగా ఏమంటారు?","1","1"
"","బట్టల సబ్బు ఒక ","1","1"
"","కృత్రిమ బట్టల సబ్బులు ఒక","1","1"
"","బట్టల సబ్బు కఠిణ జలంతో నురగనిచ్చును, ఎందుకనగా?","1","1"
"","సున్నపునీరు కలిగి ఉండేది","1","1"
"","వంట నూనెను క్రొవ్వులుగా మార్చే పద్ధతి","1","1"
"","వజ్రము రసాయనికంగా","1","1"
"","గాలిలో నైట్రోజన్","1","1"
"","రెండు ద్రావణాలు ఏ స్థితిలో సమతాస్థితిలో ఉంటాయి","1","1"
"","వంట గ్యాస్ సిలిండర్ లోని గ్యాస్, ఏజెన్సీ వారు ఈ స్థితిలో సరఫరా చేస్తారు","1","1"
"","వంట గ్యాస్ యొక్క సమ్మేళనము","1","1"
"","ఈ క్రింది వానిలో సరైన జత కానిది","1","1"
"","విద్యుత్ బల్బులోపల ఉండే వాయువు","1","1"
"","పరమ శూన్య ఉష్ణోగ్రత","1","1"
"","కార్బన్ డై ఆక్సైడ్ విడుదల కాని ప్రక్రియ ","1","1"
"","వాతావరణంలో అధిక మొత్తంలో ఉండే వాయువు","1","1"
"","ఇనుప గొట్టాలు త్రుప్పు పట్టకుండా ఉండుటకు జింక్ పూత పూస్తారు. ఈ పద్దతిని ఏమంటారు?","1","1"
"","జంతువుల ఎముకల దంతాలలో ఉండే ప్రధాన రసాయన పదార్ధం","1","1"
"","పొడి మంచు ను రసాయనికంగా","1","1"
"","వాతావరణంలో సాధారణంగా ఉందని వాయువు","1","1"
"","ఉత్ప్రేరకము అనేది","1","1"
"","విద్యుత్ ఘటములలో ఉపయోగించు ఆమ్లము","1","1"
"","వెనిగర్' ఆమ్ల స్వభావం కలిగి ఉండుటకు కారణమైన పదార్థం","1","1"
"","నిమ్మకాయ, నారింజ పండులలో ఉండే ఆమ్లం","1","1"
"","ప్రభుత్వం సరఫరా చేయు నీటిని సాధారణంగా శుద్ధి చేయు పద్ధతి","1","1"
"","చక్కర కిణ్వన ప్రక్రియ (పెర్మింటేషన్) లో వెలువడే ప్రధాన పదార్ధం","1","1"
"","జాంతవ కర్బనం పొందే విధానం","1","1"
"","జంతువు రబ్బరును గట్టి పరుచుటకు ఉపయోగించు పదార్థం","1","1"
"","ఫొటోగ్రాఫిక్ ప్లేట్ లను నల్లని పేపరుతో కప్పి ఉంచుటకు కారణము","1","1"
"","క్లోరినేషన్ అనునది","1","1"
"","కేవలం కార్బన్ ను మాత్రమె కలిగి వుండే పదార్ధం","1","1"
"","ఆభరణాల తయారీలో బంగారానికి కలిపే లోహం","1","1"
"","ఈ క్రింది మూలకములతో అత్యధిక పదార్థాలు ఏర్పడును","1","1"
"","గోబర్ గ్యాస్ ప్రధానంగా కలిగి ఉండునది","1","1"
"","భార జలము","1","1"
"","వినైల్ క్లోరైడ్ నుంచి PVC (పాలివినైల్ క్లోరైడ్) ప్లాస్టిక్ పొందే పద్దతి","1","1"
"","పరిశ్రమలలో పాలిమరికరణం ప్రక్రియ ద్వారా క్రింది ఏ పదార్థాన్ని ఉపయోగించి పాలిథీనన్ తయారు చేస్తారు","1","1"
"","సహజ రబ్బరు క్రింది వాటిలో దీని పాలిమర్","1","1"
"","ప్లాస్టిక్ పరిశ్రమలో ఉపయోగించు PVC పదం పూర్తి పేరు","1","1"
"","pH అనునది దేనిని సూచించును","1","1"
"","హైడ్రోక్లోరిక్ ఆమ్ల జల ద్రావణం యొక్క pH సుమారుగా","1","1"
"","pH విలువ 12 గల జల ద్రావణం","1","1"
"","ఖనిజాలు, రాళ్ళలో అధిక పరిమాణంలో ఉండే మూలకాలు","1","1"
"","అగ్ని ప్రమాదాలు సంభవించినప్పుడు ఉపయోగించు వాయువు","1","1"
"","జల ద్రావణంలో ఏ వాయువు బలమైన ఆమ్ల గుణాన్ని కలిగి వుంటుంది","1","1"
"","ఈ క్రింది వానిలో 'సిలికాన్' ను కలిగి ఉండునది","1","1"
"","పారిశ్రామికంగా బాక్సైట్ నుండి అల్యూమినియం లోహాన్ని ఈ ప్రక్రియ ద్వారా తయారు చేస్తారు","1","1"
"","సహజ వాయువులో అధిక మొత్తంగా ఉండి హైడ్రోజన్ తో పాటు కలిగి ఉండేది","1","1"
"","స్టైరైన్ లో హైడ్రోజన్ మూలకముతో పాటు ఉండే మూలకము ","1","1"
"","వ్యాపారాత్మకంగా ఇథిలీన్ మరియు స్టెరైన్ యొక్క ఉపయోగం","1","1"
"","చల్లని నీటిలో పూర్తిగా రూపాంతరం చెందనిది","1","1"
"","జలం కన్నా ఈ క్రింది ఏ జల ద్రావణం అధిక విద్యుత్ వాహకత కలిగి ఉండును","1","1"
"","ఈ క్రింది ఏ వాయువును అధిక పీడనం వద్ద అధిక ఉష్ణోగ్రతల వద్ద వేడి చేసిన మెత్తని మైనము వంటి ఘనంగా మారును","1","1"
"","సముద్ర జలంలో సమృద్ధిగా లభించే సమ్మేళనం","1","1"
"","చక్కెరలను పులియ పెట్టుట (కిణ్వ ప్రక్రియ) ద్వారా వెలువడే వాయువు","1","1"
"","వ్యాపార సరళిలో అమ్మోనియా ఉత్పత్తి ముఖ్యమైనది ఎందుకనగా","1","1"
"","ఎరువులలో ఉండని మూలకం","1","1"
"","సహజంగా దొరికే ఖనిజ వనరులలో అత్యంత శక్తినిచ్చే అత్యంత ముఖ్యమైన ఖనిజం","1","1"
"","పెట్రోలు వలన కలిగే మంటలను చల్లార్చడానికి నీరు ప్రభావం చూపదు, ఎందుకనగా","1","1"
"","ఈ క్రింది వాటిలో పాలిమర్ కానిది","1","1"
"","ఈ క్రింది ప్రక్రియలో రసాయనిక మార్పు జరుగును","1","1"
"","లిక్విడ్ నూనె కలిపిన కాస్టిక్ సోడా ద్రావణంను వేడి చేయగా వచ్చే పదార్ధం యొక్క ఉపయోగం","1","1"
"","సల్ఫ్యూరిక్ పారిశ్రామికంగా తయారు చేయడానికి ఉపయోగించే రెండు వాయువులు","1","1"
"","అమ్మోనియా తయారీలో ఉపయోగించే వాయువు","1","1"
"","భూమి పొరలలో శుద్ధ స్థితిలో లభించే లోహం","1","1"
"","ఈ క్రింది వాటిలోని నీటి యొక్క శుద్ధ స్థితి ఏది?","1","1"
"","ప్యారాసిటమాల్ ఒక","1","1"
"","క్లోరోమైసిటిన్ అనేది ఒక ","1","1"
"","పారిశ్రామికంగా శాఖాహార నెయ్యిలను తయారు చేయడంలో ఉపయోగించే ప్రక్రియ","1","1"
"","రసాయనికంగా చెరకు ఒక","1","1"
"","ఆక్సీకరణ చర్యలో జరిగే ప్రక్రియ","1","1"
"","హైడ్రోజన్ ఎన్ని ఐసోటోపులుగా లభిస్తుంది","1","1"
"","సముద్ర అంతర భాగంలో శ్వాస కొరకు ఉపయోగించే రసాయన మిశ్రమం","1","1"
"","కెల్విన్ మాపకంలో నీటి మరుగు స్థానం ఉష్ణోగ్రత","1","1"
"","చెడిపోయిన కిడ్నీలకు చేసే డయాలసిస్ లో ఇమిడి ఉన్న ప్రక్రియ","1","1"
"","పాలు దేనికి ఉదాహరణ","1","1"
"","తుపాకీ మందు వేటి యొక్క మిశ్రమం","1","1"
"","ఆహార నిల్వకారినిలు","1","1"
"","బట్టలను వర్ణ రహితం చేసే కారకం","1","1"
"","ఉష్నానని విడుదల చేసే రసాయన్ చర్యలను ఏమంటారు","1","1"
"","ఘన పదార్థాన్ని వేడి చేసినప్పుడు వాయువుగా మారే ప్రక్రియ","1","1"
"","రసాయన సమ్మేళనంలో అతి చిన్న భాగం","1","1"
"","సిలవ్ర్ హాలైడ్ ను ఫొటోగ్రాఫిక్ ప్లేట్లలో ఉపయోగిస్తారు, ఎందుకనగా","1","1"
"","ఫోటోగ్రఫీలలో ఉపయోగించే హైపో రసాయనికంగా","1","1"
"","రాత్రివేళలో చెట్టు కింద నిద్రించుట అనుకూలం కాదు, ఎందుకంటే చెట్టు ----- విడుదల చేస్తుంది","1","1"
"","కృత్రిమంగా ఆకుపచ్చ పండ్లను పండించుటకు ఉపయోగించు వాయువు","1","1"
"","గృహోపకరణాల కోసం విరివిగా ఉపయోగించు శుద్ధ లోహం","1","1"
"","ప్రాథమిక బంగారం యొక్క స్వచ్ఛత","1","1"
"","టెట్రా ఈథైల్ లెడ్ ను పెట్రోల్ లో కలపడం వలన","1","1"
"","సెర్పిసెల్ ఒక ","1","1"
"","ఆంటి మలేరియల్ మందుగా ఉపయోగపడేది","1","1"
"","ఆస్పిరిన్ యొక్క రసాయనిక సంఘటనం","1","1"
"","మొట్టమొదటగా మానవుడు ఉపయోగించిన ఆమ్లం ఏది?","1","1"
"","హిప్నోటిక్ గా ఉపయోగపడే ఆమ్లం ఏది?","1","1"
"","ఎక్కువగా సాగు గుణం కలిగిన లోహం","1","1"
"","కృత్రిమంగా , పరిశ్రమలలో గ్యాసోలిన్ ని తయారు చేసే పద్ధతి","1","1"
"","వర్షపు నీరు కన్నా నది జలాలు కఠిన జలం ఎందుకనగా","1","1"
"","మానవుని రక్తం యొక్క pH విలువ సుమారుగా","1","1"
"","రాతినార పరిశ్రమలో కలిగే వాయు కాలుష్యం వలన కార్మికులకు ముఖ్యంగా వ్యాధికి గురయ్యే భాగం","1","1"
"","శరీరంలో DNA విధి","1","1"
"","ఏ రోగికి డయాలసిస్ చేస్తారు","1","1"
"","టర్పెన్టైన్ ఆయిల్ ని ఇచ్చు చెక్క","1","1"
"","కేంద్రీయ ఔషధ పరిశోధన సంస్థ CRDI, ఇండియా ఎక్కడ కలదు","1","1"
"","ఎంజైమ్ లు వీటితో తయారవుతాయి","1","1"
"","ఉమ్మినీరు యొక్క గుణం","1","1"
"","నైట్రోజన్ స్థాపనకు కారణమైన బ్యాక్టీరియా దేని వేరులో కనుగొన్నారు","1","1"
"","ఇసుకలో అడుగు ముద్రలను గుర్తించడానికి ఉపయోగించే పదార్ధం","1","1"
"","పేపరు మీది పాత వేలిముద్రలను వృద్ధి చేయుటకు ఉపయోగించేది","1","1"
"","అబ్సల్యూట్ ఆల్కహాల్ ఒక","1","1"
"","మానవుని శరీరాన్ని బలహీన పరచకుండా కావలసిన గరిష్ట ఆల్కహాల్ గాడత శాతం","1","1"
"","తరంగ మరియు కణ స్వభావం కలిగినవి. ద్వంద్వ స్వభావం కలిగిన గుణాలు","1","1"
"","ఈ క్రింది దేని లోపం వలన 'అనీమియా' వస్తుంది","1","1"
"","రెసర్పిస్' అనే ఔషధం దేనికి ఉపయోగిస్తారు?","1","1"
"","సూది మందును (ఇంజెక్షన్) స్టెరిలైజేషన్ చేయడానికి ఉపయోగించే పద్ధతి","1","1"
"","పార్మాలిన్ అనే ద్రావణి ఒక","1","1"
"","క్రింది ఏ పదార్థం పురుగుమందుగా ఉపయోగించబడదు","1","1"
"","గ్రామాలలో విద్యుదీకరణకి మరియు పంటకి ఆర్ధికంగా సరియైనది","1","1"
"","టేప్ రికార్డుల యొక్క టేప్ లపై దేనితో పూత పూస్తారు","1","1"
"","నీటిలో గల ఉతికే సొడ ద్రావణం ఒక","1","1"
"","క్రింది వాటిలో పేలుడు పదార్ధం ఏది?","1","1"
"","హాస్పిటల్ లలో శ్వాసక్రియలలో ఉపయోగించే ఆక్సిజన్ ట్యూబ్ లలో ఆక్సిజన్ మరియు --------- ఉంటాయి","1","1"
"","ఎన్ని రోజులకొకసారి ఇండియన్ సైన్స్ కాంగ్రెస్ అసోసియేషన్ జరుపబడును","1","1"
"","ఫ్లోరోసెంట్ ట్యూబ్ లలో సాధారణంగా ఉపయోగించే పదార్ధం","1","1"
"","భూమిపై పొరలలో అల్యూమినియం ఏ రూపంలో ఉంటుంది","1","1"
"","టైఫాయిడ్ కి సాధారణంగా వాడే ఔషధం","1","1"
"","వేటి వయస్సుని నిర్ధారించుటకు రేడియో కార్బన్ డేటింగ్ ని ఉపయోగిస్తారు","1","1"
"","మానవుని మనుగడకి ఓజోన్ ముఖ్యమైనది, ఎందుకనగా","1","1"
"","వాతావరణంలోని వాయువులు మండుటకు సహకరించునది","1","1"
"","మానవుని శరీరంలో రోగాన్ని నిరోధించుటకు పోరాడేది సాధారణంగా","1","1"
"","వడదెబ్బ తగిలినప్పుడు సాధారణంగా శరీరం నుండి కోల్పోయేది","1","1"
"","ఈ క్రింది వానిలో ఏది తొందరగా మంటలను అంటుకునే గుణం తక్కువ గలది","1","1"
"","ఐరన్ సమృద్ధిగా లభించే పదార్ధం","1","1"
"","ముత్యం దీనిచే తయారుకాబడును","1","1"
"","గ్యాసోల్ తయారీకి గ్యాసోలిన్ మరియు ______ మిశ్రమం కావాలి","1","1"
"","క్రీడాకారులు సత్వర శక్తికి తీసుకునేది","1","1"
"","ఆహార పదార్థాలని ఉడికించేటప్పుడు ఎక్కువగా నశించేది","1","1"
"","రిఫ్రిజిరేటర్ లలో ఉపయోగించే శీతలీకరణ ఆమ్లం","1","1"
"","సముద్రంలో సమృద్ధిగా లభిస్తున్నప్పటికీ దీని లోపం వలన కొన్ని వ్యాధులు కలుగును, అవి","1","1"
"","అన్ని ఆమ్లాలలో ప్రధానంగా కలిగిన వుండే మూలకం","1","1"
"","ఇథనాల్ ను అధిక పరిమాణంలో తీసుకోవటం వలన ఈ క్రింది ఏ అవయవం దెబ్బ తింటుంది","1","1"
"","తాగే సొడ ","1","1"
"","రెండు లేదా అంతకన్నా ఎక్కువ లోహాల మిశ్రమాన్ని ఏమంటారు","1","1"
"","ఈ క్రింది వానిలో ఏది కుళ్ళిపోకుండా నిరోధించే ఔషధం","1","1"
"","ఆంటి పైరిటిక్ అనే ఔషధం యొక్క ఉపయోగం","1","1"
"","జీవ కణ వ్యవస్థ గురించి తెలిపే రసాయన శాస్త్రంలోని ఒక భాగాన్ని ఏమంటారు?","1","1"
"","బొరిక్ ఆమ్లం అనేది ఒక","1","1"
"","ఆన్ హైడ్రిస్ కాల్షియం క్లోరైడ్ అనేది క్రింది విధంగా పనిచేస్తుంది","1","1"
"","కీమోథెరపీ అనేది ఒక","1","1"
"","DDT అనే రసాయనం ఉపయోగం","1","1"
"","విచ్చితిని అభివృద్ధి చేసే ప్రధాన పదార్ధం ఏది?","1","1"
"","గ్యాసోలిన్ అనే పేరు ఈ క్రింది వాటికి దేనికి సరిపోతుంది","1","1"
"","ఈ క్రింది ఏ నీటిలో సబ్బు తొందరగా నురగనివ్వదు","1","1"
"","బెలూన్ లను పైకి పంపడానికి ఉపయోగించే వాయువు","1","1"
"","జడవాయువులు","1","1"
"","నీలి మందును ఏ పరిశ్రమలో ఉపయోగిస్తారు","1","1"
"","అవిసె నూనె పిండి దేనికి ఉపయోగిస్తారు","1","1"
"","బ్లీచింగ్ యొక్క ముఖ్య పాత్ర","1","1"
"","విచ్చిన్న ఆల్కహాలు","1","1"
"","ఈ క్రింది వాటిలో ఏది కలపటం వలన మిథైల్ ఆల్కహాల్ త్రాగటానికి పనికిరాదు","1","1"
"","మోరడెంట్ అనేది ఒక","1","1"
"","ఏ వర్గీకరణం ప్రకారం మార్ఫిన్ అనేది ఒక డ్రగ్","1","1"
"","పొగాకులో విషపు గుణానికి కారణమైన పదార్ధం","1","1"
"","అధిక సాంద్రత గల ఆమ్లాలను నిల్వ ఉంచడానికి వాడే పాత్రలు ఈ క్రింది దేనితో తయారు చేస్తారు","1","1"
"","యాంటిసెప్టిక్ గా ఉపయోగించే ముదురు ఊదారంగు సమ్మేళనము","1","1"
"","క్రోమియం కలిగిన మిశ్రమ లోహం త్రుప్పు పట్టుటను ఆపడాన్ని ఏమంటారు?","1","1"
"","ఏ స్థానం వద్ద వాయు, ద్రవ మరియు ఘన పదార్థాలు ఏకీభవిస్తాయి","1","1"
"","పెన్సిల్ లో ఉండే లెడ్ దేనితో తయారు చేస్తారు","1","1"
"","యాంటీ బాడీస్ అనే పేరు దేనికి ఇస్తారు","1","1"
"","విషానికి విరుగుడు కలిగించే ఔషధము","1","1"
"","హీమోగ్లోబిన్ అనేది","1","1"
"","ఎక్కువ వాయు కాలుష్యం కలిగించే పదార్ధం","1","1"
"","బెకలైట్ దేని నుంచి తయారవుతుంది","1","1"
"","నేషనల్ కెమికల్ లాబొరేటరీ జాతీయ రసాయన శాస్త్ర పరిశోధనాలయం ఎక్కడ ఉంది?","1","1"
"","పెట్రోలియం ఎక్కడ లభించును","1","1"
"","అధిక నైట్రోజన్ కలిగిన పదార్థము","1","1"
"","చెమటలో ఉండే పదార్థాలు","1","1"
"","కార్బన్ డై ఆక్సైడ్ సైకిల్ అంటే","1","1"
"","క్రోమటోగ్రఫీ' పద్దతిలో రెండు సమ్మేళనాలను వేరు చేయుట దేనిపై ఆధారపడును","1","1"
"","లాలాజలం, పిండి పదార్థాన్ని ఏ విధంగా జల విశ్లేషనం చేస్తుంది?","1","1"
"","శ్వాసక్రియలో ఉపయోగపడే వాయువు","1","1"
"","మానవుడు అధికంగా ఉపయోగించే లోహం","1","1"
"","""వోల్కనైజేషన్"" లో ఉపయోగపడే మూలకం","1","1"
"","ఉత్తమ ఎరువు","1","1"
"","కోడాన్ అనేది ఒక","1","1"
"","మానవ దేహంలో ఎక్కువ మోతాదులో ఉండేది?","1","1"
"","నీటి శాశ్వత కాటిన్యతను తొలగించుటకు ఉపయోగపడని పద్ధతి","1","1"
"","విద్యుదయస్కాంతంగా ఉపయోగపడే లోహం","1","1"
"","విటమిన్ 'C' అనేది","1","1"
"","స్టెయిన్ లెస్ స్టీల్ లో ఉపయోగించే లోహాల జంట","1","1"
"","అంటు వ్యాధులకు ఉపయోగించే ఔషధము","1","1"
"","డయాబెటిక్ రోగి మూత్రంలో ఉండేది","1","1"
"","శాశ్వతంగా రూపాంతరం చెందే పదార్ధం (వేడి, పీడనం వలన)","1","1"
"","""క్రాస్-లింకింగ్"" పాలీమర్ కి ఉదాహరణ","1","1"
"","వేటికి రంగు వేయడానికి FBA రంగును ఉపయోగిస్తారు","1","1"
"","సల్ఫర్ డై ఆక్సైడ్ ను సల్ఫర్ ట్రై ఆక్సైడ్ గా మార్చే పద్ధతి","1","1"
"","కృత్రిమ ఔషధమునకు ఉదాహరణ","1","1"
"","""రాన్ బాక్సి"" కంపెనీ దేనిని తయారు చేస్తుంది","1","1"
"","""వాసోడిలేటర్స్"" అనే ఔషధాలు దేనిని నయం చేయటానికి ఉపయోగిస్తారు","1","1"
"","దేనిని ఎసిటైలేషన్ చేస్తే హెరాయిన్ తయారవుతుంది","1","1"
"","సాల్బుటమోల్ అనే ఔషధమునకు దేనిని నయం చేయుటకు ఉపయోగిస్తారు","1","1"
"","ఆంఫిసిల్లిన్ యొక్క ఉపయోగము","1","1"
"","హృదయ సంబంధమైన జబ్బులకు ఎక్కువగా ఉపయోగించేది","1","1"
"","బంగాళదుంప నాశనం కాకుండా ఉపయోగించేది?","1","1"
"","ప్రకృతి సిద్ధమైన ఫంగస్ నాశన కారిణి","1","1"
"","మొక్క యొక్క పెరుగుదలను అదుపులో ఉంచేది","1","1"
"","నూతన క్రిమిసంహారిని","1","1"
"","అర్థ కృత్రిమమైన పెన్సిలిన్ కు ఉదాహరణ","1","1"
"","రసాయనికంగా ఇన్సులిన్ అనేది ఒక","1","1"
"","కృత్రిమ ఎంజైముల తయారీకి ఉపయోగించే పద్ధతి
1. జెనెటిక్ ఇంజనీరింగ్
2. ఈథర్స్ ను సింథసైడ్ చేసే విధానం
3. ప్రోటీన్స్ ను డినాచ్యురలైజేషన్ చేయడం
పై వాయిలో సరైనవి ఏవి?","1","1"
"","ద్రవరూప కార్బోహైడ్రేట్ లను వాయురూప హైడ్రోకార్బన్స్ గా మార్చే పద్ధతి","1","1"
"","అల్యూమినియం పెరిక్లోరైడ్ దేనికి ఉపయోగిస్తారు","1","1"
"","అలిజారిన్ అనేది","1","1"
"","కేంద్రకామ్లాలలో ఉండే ఆమ్లము","1","1"
"","జీవులలో ఉండే పదార్థాలు
1. హార్మోన్ లు
2. ఎంజైములు
3. లిపిడ్ లు","1","1"
"","సబ్బుల తయారీలో ఉపయోగించే ఆల్కహాల్","1","1"
"","ఇన్సులిన్ దేనిని నియంత్రిస్తుంది?","1","1"
"","రసాయనికంగా ఇంటర్ ఫెరాన్ అనేది","1","1"
"","ఇంటర్ పెరాన్ దేనిని నిరోధించదు","1","1"
"","జీవ సాంకేతిక విజ్ఞానం ద్వారా ఇంటర్ పెరాన్ ఇలా ఉత్పత్తి చేస్తారు?","1","1"
"","పారిశ్రామికంగా హార్మోన్స్ సోమ్ టోస్టైన్ ఏవిధంగా ఉత్పత్తి చేస్తారు?","1","1"
"","బాక్టీరియాలను తొలగించుటకు సాధారణంగా ఉపయోగించే పసుపు పచ్చ ఘనపదార్ధం","1","1"
"","కృత్రిమమైన సిల్కును ఏమంటారు?","1","1"
"","రసాయనికంగా శ్వేత మందు(వైట్ స్పిరిట్) అంటే","1","1"
"","ఎంజైమ్ లను ఇచ్చే ప్రకృతి వనరులు
1. జంతువులు
2. మొక్కలు
3. బాక్టీరియాలు
4. ఫంగి","1","1"
"","""మిటోమైసిన్"" దేనిని నయం చేయటానికి ఉపయోగిస్తారు","1","1"
"","నియాసిన్ అనేది","1","1"
"","వ్యాపార పద్దతిలో అమ్మోనియాను ఎలా తయారు చేస్తారు","1","1"
"","అల్యూమినియం లోహ సంగ్రహణ పద్ధతి","1","1"
"","బిట్యుమినన్ నుండి నేలబొగ్గు ఎలా తయారవుతుంది","1","1"
"","చక్కెర శుద్ధిలో రంగును తీయుటకు ఉపయోగించేది","1","1"
"","ఎక్స్ క్లూషన్ అనే పదం ఏ శాస్త్రవేత్తకు సంబంధించింది?","1","1"
"","పారిశ్రామికంగా ""స్టెరైన్"" ను దేని ఉత్పత్తిలో ఉపయోగిస్తారు?","1","1"
"","ప్రత్యేక ఆహార పదార్థాల తయారీకి ఉపయోగించే పెక్టీన్ దేనికి సంబంధించినది","1","1"
"","సున్నపురాయి లో ముఖ్యంగా ఉండేది","1","1"
"","ఏ మొక్క యొక్క పుష్పం నుండి ""హాషిష్"" అనే ఔషధము లభించును","1","1"
"","బఫర్ ద్రావణం","1","1"
"","రసాయనికంగా మెగ్నీషియం యొక్క పాలు(మిల్క్ ఆఫ్ మెగ్నీషియం) అంటే","1","1"
"","ప్రసిద్ధి చెందిన మైక్రోబియల్","1","1"
"","ఫోటో కెమికల్ స్మ్రాగ్ దేని ఉత్పత్త?
1. పెరాక్సైడ్ నైట్రేట్
2. కార్బన్ మోనాక్సైడ్
3. ఓజోన్
పై వాటిలో సరైనది ఏది?","1","1"
"","చేతి పంపు ద్వారా నీరు త్రాగే ప్రజలకు వచ్చే జబ్బు?
1. కలరా
2. టైఫాయిడ్
3. జాండీస్
4. ఫ్లోరోసిస్","1","1"
"","""పెట్రోకాప్స్"" అనే మొక్కలో అత్యధికంగా ఉండేది
1. కార్బోహైడ్రేట్స్
2. హైడ్రోకార్బన్స్
3. ప్రోటీన్స్
4. లిపిడ్స్
పై వాటిలో సరైనది","1","1"
"","పాలల్లో ప్రోటీన్ మరియు కార్బోహైడ్రేట్ లతో పాటు ఉండేది?
1. కాల్షియం
2. పొటాషియం
3. ఇనుము
4. కోబాల్ట్","1","1"
"","క్యాన్సర్ నివారణకు ప్రసిద్ధి చెందిన మందు 'Taxol' దేని నుండి తీస్తారు?","1","1"
"","ఆస్పిరిన్ అనేది","1","1"
"","అగ్గిపుల్ల లోని నల్లటి పదార్ధం దేనితో తయారు చేయబడుతుంది","1","1"
"","ట్రై నైట్రోటోలిన్ (TNT) అనేది ఒక","1","1"
"","ఈ క్రింది వానిలో ఏది నీటి కాఠిన్యతను తొలగిస్తుంది","1","1"
"","చక్కెర ఒక","1","1"
"","రక్తం గడ్డకట్టుటలో ఉపయోగపడే ప్రోటీన్","1","1"
"","మొదటిగా తయారు చేసిన రసాయన పదార్ధం","1","1"
"","సెల్లోపేన్ దేన్ని స్పటీకరించుటకు ఉపయోగిస్తారు","1","1"
"","ఈ క్రింది వానిలో అయోడిన్ కలిగి ఉన్న హార్మోన్","1","1"
"","క్యాటినేషన్ అవగా....","1","1"
"","సహజ రంగుకు ఉదాహరణ","1","1"
"","కణం యొక్క జన్యు పదార్థం ఏర్పడుటకు తోడ్పడేవి?","1","1"
"","జీవులలో ఎంజైమ్స్ యొక్క పాత్ర
a. శక్తిని ప్రసాదిస్తాయి
b. వ్యాధి నిరోధకతను పెంచుతాయి
c. O2 సరఫరా చేస్తాయి
d. బయాలాజికల్ చర్యలను ప్రేరేపిస్తాయి","1","1"
""," క్రింది వానిలో Macromolecule కానిది?","1","1"
"","F2C=CF2 దేని యొక్క మోనోశాకరైడ్","1","1"
"","సబ్బుతో నీరు కలిసి కొల్లాయిడ్ ద్రావణంను ఏర్పరుస్తుంది. ఇది గ్రీజ్ మరకలను తొలగిస్తుంది. ఈ పద్ధతిని ఏమంటారు?","1","1"
"","ద్రవ ప్రియ కొల్లాయిడ్ ఉదాహరణ","1","1"
"","జెల్ తయారీలో ఉపయోగించే ముఖ్య సూత్రం
1.సస్పెన్షన్
2.సినారసిస్
3.వీపింగ్
4.స్టెనోసిస్","1","1"
"","పొగమంచు _______ యొక్క కొల్లాయిడల్ విధానం","1","1"
"","లూయిస్ ఆమ్లంకు ఉదాహరణ","1","1"
"","మార్ఫిన్ అనేది","1","1"
"","ఆల్కలాయిడ్ కు ఉదాహరణ","1","1"
"","కోకైన్ ను కింది వానిలో దేని నుండి వేరు చేస్తారు","1","1"
"","ఫినైల్ ప్రోపనాయిడ్ యొక్క మాతృశ్రుంకలంను కలిగి ఉన్నది","1","1"
"","క్రొవ్వులో కరిగే పిగ్మెంట్స్","1","1"
"","ఇంటర్ పెరాన్ ఒక","1","1"
"","గ్లైకోజన్ ను ఈ విధంగా కూడా పిలుస్తారు","1","1"
"","ఇన్సులిన్ అనేది క్లోమం యొక్క","1","1"
"","Taxol అనేది","1","1"
"","ఐసోబారిక్ విధానం ఈ పద్ధతి వద్ద జరుగుతుంది?","1","1"
"","ఐసోఎన్ థాల్పిక్ పద్ధతి ______ వద్ద జరుగుతుంది","1","1"
"","ఉష్ణగతిక శాస్త్రం యొక్క 2వ నియమం దేని గురించి తెలియజేస్తుంది?","1","1"